cmr_concept_type,cmr_concept_id,cmr_native_id,cmr_provider_id,cmr_revision_id,cmr_revision_date,cmr_publication_date,coll_shortname,gran_name,gran_size_mb,gran_parameters,gran_day_night,time_min,time_max,lat_min,lat_max,lon_min,lon_max,geometry
granule,G1422715762-ORNL_DAAC,FIFE_OT_STAFF.7065xetl.ots,ORNL_DAAC,1,2017-09-28T15:55:22Z,1994-07-24T00:00:00.000Z,FIFE_OT_STAFF_66,FIFE_OT_STAFF.7065xetl.ots,0.003601,,Both,1987-03-06T00:00:00.000Z,1987-03-06T00:00:00.000Z,39.0111,39.1928,-96.6075,-96.5197,"POLYGON ((-96.5197 39.0111, -96.5197 39.1928, -96.6075 39.1928, -96.6075 39.0111, -96.5197 39.0111))"
granule,G1422715900-ORNL_DAAC,FIFE_OT_STAFF.7069xetl.ots,ORNL_DAAC,1,2017-09-28T15:56:17Z,1994-07-24T00:00:00.000Z,FIFE_OT_STAFF_66,FIFE_OT_STAFF.7069xetl.ots,0.007485,,Both,1987-03-10T00:00:00.000Z,1987-03-10T00:00:00.000Z,39.0111,39.1928,-96.6075,-96.5197,"POLYGON ((-96.5197 39.0111, -96.5197 39.1928, -96.6075 39.1928, -96.6075 39.0111, -96.5197 39.0111))"
granule,G1422714911-ORNL_DAAC,FIFE_OT_STAFF.7070xetl.ots,ORNL_DAAC,1,2017-09-28T15:55:03Z,1994-07-24T00:00:00.000Z,FIFE_OT_STAFF_66,FIFE_OT_STAFF.7070xetl.ots,0.005301,,Both,1987-03-11T00:00:00.000Z,1987-03-11T00:00:00.000Z,39.0111,39.1928,-96.6075,-96.5197,"POLYGON ((-96.5197 39.0111, -96.5197 39.1928, -96.6075 39.1928, -96.6075 39.0111, -96.5197 39.0111))"
granule,G1422714543-ORNL_DAAC,FIFE_OT_STAFF.7071xetl.ots,ORNL_DAAC,1,2017-09-28T15:54:49Z,1994-07-24T00:00:00.000Z,FIFE_OT_STAFF_66,FIFE_OT_STAFF.7071xetl.ots,0.010193,,Both,1987-03-12T00:00:00.000Z,1987-03-12T00:00:00.000Z,39.0111,39.1928,-96.6075,-96.5197,"POLYGON ((-96.5197 39.0111, -96.5197 39.1928, -96.6075 39.1928, -96.6075 39.0111, -96.5197 39.0111))"
granule,G1422715805-ORNL_DAAC,FIFE_OT_STAFF.7072xetl.ots,ORNL_DAAC,1,2017-09-28T15:55:43Z,1994-07-24T00:00:00.000Z,FIFE_OT_STAFF_66,FIFE_OT_STAFF.7072xetl.ots,0.010156,,Both,1987-03-13T00:00:00.000Z,1987-03-13T00:00:00.000Z,39.0111,39.1928,-96.6075,-96.5197,"POLYGON ((-96.5197 39.0111, -96.5197 39.1928, -96.6075 39.1928, -96.6075 39.0111, -96.5197 39.0111))"
granule,G1422715752-ORNL_DAAC,FIFE_OT_STAFF.7092xetl.ots,ORNL_DAAC,1,2017-09-28T15:55:18Z,1994-07-24T00:00:00.000Z,FIFE_OT_STAFF_66,FIFE_OT_STAFF.7092xetl.ots,0.006927,,Both,1987-04-02T00:00:00.000Z,1987-04-02T00:00:00.000Z,39.0111,39.1928,-96.6075,-96.5197,"POLYGON ((-96.5197 39.0111, -96.5197 39.1928, -96.6075 39.1928, -96.6075 39.0111, -96.5197 39.0111))"
granule,G1422715440-ORNL_DAAC,FIFE_OT_STAFF.7095xetl.ots,ORNL_DAAC,1,2017-09-28T15:55:12Z,1994-07-24T00:00:00.000Z,FIFE_OT_STAFF_66,FIFE_OT_STAFF.7095xetl.ots,0.006917,,Both,1987-04-05T00:00:00.000Z,1987-04-05T00:00:00.000Z,39.0111,39.1928,-96.6075,-96.5197,"POLYGON ((-96.5197 39.0111, -96.5197 39.1928, -96.6075 39.1928, -96.6075 39.0111, -96.5197 39.0111))"
granule,G1422715323-ORNL_DAAC,FIFE_OT_STAFF.7098xetl.ots,ORNL_DAAC,1,2017-09-28T15:55:10Z,1994-07-24T00:00:00.000Z,FIFE_OT_STAFF_66,FIFE_OT_STAFF.7098xetl.ots,0.010214,,Both,1987-04-08T00:00:00.000Z,1987-04-08T00:00:00.000Z,39.0111,39.1928,-96.6075,-96.5197,"POLYGON ((-96.5197 39.0111, -96.5197 39.1928, -96.6075 39.1928, -96.6075 39.0111, -96.5197 39.0111))"
granule,G1422715855-ORNL_DAAC,FIFE_OT_STAFF.7099xetl.ots,ORNL_DAAC,1,2017-09-28T15:56:04Z,1994-07-24T00:00:00.000Z,FIFE_OT_STAFF_66,FIFE_OT_STAFF.7099xetl.ots,0.006924,,Both,1987-04-09T00:00:00.000Z,1987-04-09T00:00:00.000Z,39.0111,39.1928,-96.6075,-96.5197,"POLYGON ((-96.5197 39.0111, -96.5197 39.1928, -96.6075 39.1928, -96.6075 39.0111, -96.5197 39.0111))"
granule,G1422714542-ORNL_DAAC,FIFE_OT_STAFF.7100xetl.ots,ORNL_DAAC,1,2017-09-28T15:54:48Z,1994-07-24T00:00:00.000Z,FIFE_OT_STAFF_66,FIFE_OT_STAFF.7100xetl.ots,0.006915,,Both,1987-04-10T00:00:00.000Z,1987-04-10T00:00:00.000Z,39.0111,39.1928,-96.6075,-96.5197,"POLYGON ((-96.5197 39.0111, -96.5197 39.1928, -96.6075 39.1928, -96.6075 39.0111, -96.5197 39.0111))"
granule,G1422715905-ORNL_DAAC,FIFE_OT_STAFF.7106xetl.ots,ORNL_DAAC,1,2017-09-28T15:56:19Z,1994-07-24T00:00:00.000Z,FIFE_OT_STAFF_66,FIFE_OT_STAFF.7106xetl.ots,0.006373,,Both,1987-04-16T00:00:00.000Z,1987-04-16T00:00:00.000Z,39.0111,39.1928,-96.6075,-96.5197,"POLYGON ((-96.5197 39.0111, -96.5197 39.1928, -96.6075 39.1928, -96.6075 39.0111, -96.5197 39.0111))"
granule,G1422714541-ORNL_DAAC,FIFE_OT_STAFF.7107xetl.ots,ORNL_DAAC,1,2017-09-28T15:54:48Z,1994-07-24T00:00:00.000Z,FIFE_OT_STAFF_66,FIFE_OT_STAFF.7107xetl.ots,0.006944,,Both,1987-04-17T00:00:00.000Z,1987-04-17T00:00:00.000Z,39.0111,39.1928,-96.6075,-96.5197,"POLYGON ((-96.5197 39.0111, -96.5197 39.1928, -96.6075 39.1928, -96.6075 39.0111, -96.5197 39.0111))"
granule,G1422715816-ORNL_DAAC,FIFE_OT_STAFF.7112xetl.ots,ORNL_DAAC,1,2017-09-28T15:55:48Z,1994-07-24T00:00:00.000Z,FIFE_OT_STAFF_66,FIFE_OT_STAFF.7112xetl.ots,0.003689,,Both,1987-04-22T00:00:00.000Z,1987-04-22T00:00:00.000Z,39.0111,39.1928,-96.6075,-96.5197,"POLYGON ((-96.5197 39.0111, -96.5197 39.1928, -96.6075 39.1928, -96.6075 39.0111, -96.5197 39.0111))"
granule,G1422714842-ORNL_DAAC,FIFE_OT_STAFF.7113xetl.ots,ORNL_DAAC,1,2017-09-28T15:55:01Z,1994-07-24T00:00:00.000Z,FIFE_OT_STAFF_66,FIFE_OT_STAFF.7113xetl.ots,0.006932,,Both,1987-04-23T00:00:00.000Z,1987-04-23T00:00:00.000Z,39.0111,39.1928,-96.6075,-96.5197,"POLYGON ((-96.5197 39.0111, -96.5197 39.1928, -96.6075 39.1928, -96.6075 39.0111, -96.5197 39.0111))"
granule,G1422715789-ORNL_DAAC,FIFE_OT_STAFF.7114xetl.ots,ORNL_DAAC,1,2017-09-28T15:55:35Z,1994-07-24T00:00:00.000Z,FIFE_OT_STAFF_66,FIFE_OT_STAFF.7114xetl.ots,0.006954,,Both,1987-04-24T00:00:00.000Z,1987-04-24T00:00:00.000Z,39.0111,39.1928,-96.6075,-96.5197,"POLYGON ((-96.5197 39.0111, -96.5197 39.1928, -96.6075 39.1928, -96.6075 39.0111, -96.5197 39.0111))"
granule,G1422715846-ORNL_DAAC,FIFE_OT_STAFF.7115xetl.ots,ORNL_DAAC,1,2017-09-28T15:56:00Z,1994-07-24T00:00:00.000Z,FIFE_OT_STAFF_66,FIFE_OT_STAFF.7115xetl.ots,0.0069,,Both,1987-04-25T00:00:00.000Z,1987-04-25T00:00:00.000Z,39.0111,39.1928,-96.6075,-96.5197,"POLYGON ((-96.5197 39.0111, -96.5197 39.1928, -96.6075 39.1928, -96.6075 39.0111, -96.5197 39.0111))"
granule,G1422715832-ORNL_DAAC,FIFE_OT_STAFF.7118xetl.ots,ORNL_DAAC,1,2017-09-28T15:55:54Z,1994-07-24T00:00:00.000Z,FIFE_OT_STAFF_66,FIFE_OT_STAFF.7118xetl.ots,0.010121,,Both,1987-04-28T00:00:00.000Z,1987-04-28T00:00:00.000Z,39.0111,39.1928,-96.6075,-96.5197,"POLYGON ((-96.5197 39.0111, -96.5197 39.1928, -96.6075 39.1928, -96.6075 39.0111, -96.5197 39.0111))"
granule,G1422714519-ORNL_DAAC,FIFE_OT_STAFF.7119xetl.ots,ORNL_DAAC,1,2017-09-28T15:54:39Z,1994-07-24T00:00:00.000Z,FIFE_OT_STAFF_66,FIFE_OT_STAFF.7119xetl.ots,0.007994,,Both,1987-04-29T00:00:00.000Z,1987-04-29T00:00:00.000Z,39.0111,39.1928,-96.6075,-96.5197,"POLYGON ((-96.5197 39.0111, -96.5197 39.1928, -96.6075 39.1928, -96.6075 39.0111, -96.5197 39.0111))"
granule,G1422715819-ORNL_DAAC,FIFE_OT_STAFF.7120xetl.ots,ORNL_DAAC,1,2017-09-28T15:55:49Z,1994-07-24T00:00:00.000Z,FIFE_OT_STAFF_66,FIFE_OT_STAFF.7120xetl.ots,0.012875,,Both,1987-04-30T00:00:00.000Z,1987-04-30T00:00:00.000Z,39.0111,39.1928,-96.6075,-96.5197,"POLYGON ((-96.5197 39.0111, -96.5197 39.1928, -96.6075 39.1928, -96.6075 39.0111, -96.5197 39.0111))"
granule,G1422714977-ORNL_DAAC,FIFE_OT_STAFF.7121xetl.ots,ORNL_DAAC,1,2017-09-28T15:55:04Z,1994-07-24T00:00:00.000Z,FIFE_OT_STAFF_66,FIFE_OT_STAFF.7121xetl.ots,0.00749,,Both,1987-05-01T00:00:00.000Z,1987-05-01T00:00:00.000Z,39.0111,39.1928,-96.6075,-96.5197,"POLYGON ((-96.5197 39.0111, -96.5197 39.1928, -96.6075 39.1928, -96.6075 39.0111, -96.5197 39.0111))"
granule,G1422714547-ORNL_DAAC,FIFE_OT_STAFF.7127xetl.ots,ORNL_DAAC,1,2017-09-28T15:54:51Z,1994-07-24T00:00:00.000Z,FIFE_OT_STAFF_66,FIFE_OT_STAFF.7127xetl.ots,0.005841,,Both,1987-05-07T00:00:00.000Z,1987-05-07T00:00:00.000Z,39.0111,39.1928,-96.6075,-96.5197,"POLYGON ((-96.5197 39.0111, -96.5197 39.1928, -96.6075 39.1928, -96.6075 39.0111, -96.5197 39.0111))"
granule,G1422715861-ORNL_DAAC,FIFE_OT_STAFF.7131xetl.ots,ORNL_DAAC,1,2017-09-28T15:56:07Z,1994-07-24T00:00:00.000Z,FIFE_OT_STAFF_66,FIFE_OT_STAFF.7131xetl.ots,0.01182,,Both,1987-05-11T00:00:00.000Z,1987-05-11T00:00:00.000Z,39.0111,39.1928,-96.6075,-96.5197,"POLYGON ((-96.5197 39.0111, -96.5197 39.1928, -96.6075 39.1928, -96.6075 39.0111, -96.5197 39.0111))"
granule,G1422714531-ORNL_DAAC,FIFE_OT_STAFF.7136xetl.ots,ORNL_DAAC,1,2017-09-28T15:54:44Z,1994-07-24T00:00:00.000Z,FIFE_OT_STAFF_66,FIFE_OT_STAFF.7136xetl.ots,0.006959,,Both,1987-05-16T00:00:00.000Z,1987-05-16T00:00:00.000Z,39.0111,39.1928,-96.6075,-96.5197,"POLYGON ((-96.5197 39.0111, -96.5197 39.1928, -96.6075 39.1928, -96.6075 39.0111, -96.5197 39.0111))"
granule,G1422714537-ORNL_DAAC,FIFE_OT_STAFF.71511715.ots,ORNL_DAAC,1,2017-09-28T15:54:47Z,1994-07-24T00:00:00.000Z,FIFE_OT_STAFF_66,FIFE_OT_STAFF.71511715.ots,0.019358,,Both,1987-05-31T00:00:00.000Z,1987-05-31T00:00:00.000Z,39.0111,39.1928,-96.6075,-96.5197,"POLYGON ((-96.5197 39.0111, -96.5197 39.1928, -96.6075 39.1928, -96.6075 39.0111, -96.5197 39.0111))"
granule,G1422714783-ORNL_DAAC,FIFE_OT_STAFF.71521609.ots,ORNL_DAAC,1,2017-09-28T15:55:00Z,1994-07-24T00:00:00.000Z,FIFE_OT_STAFF_66,FIFE_OT_STAFF.71521609.ots,0.010725,,Both,1987-06-01T00:00:00.000Z,1987-06-01T00:00:00.000Z,39.0111,39.1928,-96.6075,-96.5197,"POLYGON ((-96.5197 39.0111, -96.5197 39.1928, -96.6075 39.1928, -96.6075 39.0111, -96.5197 39.0111))"
granule,G1422715747-ORNL_DAAC,FIFE_OT_STAFF.71521715.ots,ORNL_DAAC,1,2017-09-28T15:55:17Z,1994-07-24T00:00:00.000Z,FIFE_OT_STAFF_66,FIFE_OT_STAFF.71521715.ots,0.012432,,Both,1987-06-01T00:00:00.000Z,1987-06-01T00:00:00.000Z,39.0111,39.1928,-96.6075,-96.5197,"POLYGON ((-96.5197 39.0111, -96.5197 39.1928, -96.6075 39.1928, -96.6075 39.0111, -96.5197 39.0111))"
granule,G1422715914-ORNL_DAAC,FIFE_OT_STAFF.71541609.ots,ORNL_DAAC,1,2017-09-28T15:56:22Z,1994-07-24T00:00:00.000Z,FIFE_OT_STAFF_66,FIFE_OT_STAFF.71541609.ots,0.01398,,Both,1987-06-03T00:00:00.000Z,1987-06-03T00:00:00.000Z,39.0111,39.1928,-96.6075,-96.5197,"POLYGON ((-96.5197 39.0111, -96.5197 39.1928, -96.6075 39.1928, -96.6075 39.0111, -96.5197 39.0111))"
granule,G1422715840-ORNL_DAAC,FIFE_OT_STAFF.71551609.ots,ORNL_DAAC,1,2017-09-28T15:55:58Z,1994-07-24T00:00:00.000Z,FIFE_OT_STAFF_66,FIFE_OT_STAFF.71551609.ots,0.009622,,Both,1987-06-04T00:00:00.000Z,1987-06-04T00:00:00.000Z,39.0111,39.1928,-96.6075,-96.5197,"POLYGON ((-96.5197 39.0111, -96.5197 39.1928, -96.6075 39.1928, -96.6075 39.0111, -96.5197 39.0111))"
granule,G1422715897-ORNL_DAAC,FIFE_OT_STAFF.71561609.ots,ORNL_DAAC,1,2017-09-28T15:56:16Z,1994-07-24T00:00:00.000Z,FIFE_OT_STAFF_66,FIFE_OT_STAFF.71561609.ots,0.008551,,Both,1987-06-05T00:00:00.000Z,1987-06-05T00:00:00.000Z,39.0111,39.1928,-96.6075,-96.5197,"POLYGON ((-96.5197 39.0111, -96.5197 39.1928, -96.6075 39.1928, -96.6075 39.0111, -96.5197 39.0111))"
granule,G1422715876-ORNL_DAAC,FIFE_OT_STAFF.71571609.ots,ORNL_DAAC,1,2017-09-28T15:56:11Z,1994-07-24T00:00:00.000Z,FIFE_OT_STAFF_66,FIFE_OT_STAFF.71571609.ots,0.041606,,Both,1987-06-06T00:00:00.000Z,1987-06-06T00:00:00.000Z,39.0111,39.1928,-96.6075,-96.5197,"POLYGON ((-96.5197 39.0111, -96.5197 39.1928, -96.6075 39.1928, -96.6075 39.0111, -96.5197 39.0111))"
granule,G1422714520-ORNL_DAAC,FIFE_OT_STAFF.71771609.ots,ORNL_DAAC,1,2017-09-28T15:54:39Z,1994-07-24T00:00:00.000Z,FIFE_OT_STAFF_66,FIFE_OT_STAFF.71771609.ots,0.018942,,Both,1987-06-26T00:00:00.000Z,1987-06-26T00:00:00.000Z,39.0111,39.1928,-96.6075,-96.5197,"POLYGON ((-96.5197 39.0111, -96.5197 39.1928, -96.6075 39.1928, -96.6075 39.0111, -96.5197 39.0111))"
granule,G1422714523-ORNL_DAAC,FIFE_OT_STAFF.71781609.ots,ORNL_DAAC,1,2017-09-28T15:54:40Z,1994-07-24T00:00:00.000Z,FIFE_OT_STAFF_66,FIFE_OT_STAFF.71781609.ots,0.005907,,Both,1987-06-27T00:00:00.000Z,1987-06-27T00:00:00.000Z,39.0111,39.1928,-96.6075,-96.5197,"POLYGON ((-96.5197 39.0111, -96.5197 39.1928, -96.6075 39.1928, -96.6075 39.0111, -96.5197 39.0111))"
granule,G1422715909-ORNL_DAAC,FIFE_OT_STAFF.71791609.ots,ORNL_DAAC,1,2017-09-28T15:56:21Z,1994-07-24T00:00:00.000Z,FIFE_OT_STAFF_66,FIFE_OT_STAFF.71791609.ots,0.00589,,Both,1987-06-28T00:00:00.000Z,1987-06-28T00:00:00.000Z,39.0111,39.1928,-96.6075,-96.5197,"POLYGON ((-96.5197 39.0111, -96.5197 39.1928, -96.6075 39.1928, -96.6075 39.0111, -96.5197 39.0111))"
granule,G1422715792-ORNL_DAAC,FIFE_OT_STAFF.71824439.ots,ORNL_DAAC,1,2017-09-28T15:55:36Z,1994-07-24T00:00:00.000Z,FIFE_OT_STAFF_66,FIFE_OT_STAFF.71824439.ots,0.005818,,Both,1987-07-01T00:00:00.000Z,1987-07-01T00:00:00.000Z,39.0111,39.1928,-96.6075,-96.5197,"POLYGON ((-96.5197 39.0111, -96.5197 39.1928, -96.6075 39.1928, -96.6075 39.0111, -96.5197 39.0111))"
granule,G1422715811-ORNL_DAAC,FIFE_OT_STAFF.71874439.ots,ORNL_DAAC,1,2017-09-28T15:55:46Z,1994-07-24T00:00:00.000Z,FIFE_OT_STAFF_66,FIFE_OT_STAFF.71874439.ots,0.009628,,Both,1987-07-06T00:00:00.000Z,1987-07-06T00:00:00.000Z,39.0111,39.1928,-96.6075,-96.5197,"POLYGON ((-96.5197 39.0111, -96.5197 39.1928, -96.6075 39.1928, -96.6075 39.0111, -96.5197 39.0111))"
granule,G1422715775-ORNL_DAAC,FIFE_OT_STAFF.71914439.ots,ORNL_DAAC,1,2017-09-28T15:55:28Z,1994-07-24T00:00:00.000Z,FIFE_OT_STAFF_66,FIFE_OT_STAFF.71914439.ots,0.00584,,Both,1987-07-10T00:00:00.000Z,1987-07-10T00:00:00.000Z,39.0111,39.1928,-96.6075,-96.5197,"POLYGON ((-96.5197 39.0111, -96.5197 39.1928, -96.6075 39.1928, -96.6075 39.0111, -96.5197 39.0111))"
granule,G1422715918-ORNL_DAAC,FIFE_OT_STAFF.71924439.ots,ORNL_DAAC,1,2017-09-28T15:56:24Z,1994-07-24T00:00:00.000Z,FIFE_OT_STAFF_66,FIFE_OT_STAFF.71924439.ots,0.02137,,Both,1987-07-11T00:00:00.000Z,1987-07-11T00:00:00.000Z,39.0111,39.1928,-96.6075,-96.5197,"POLYGON ((-96.5197 39.0111, -96.5197 39.1928, -96.6075 39.1928, -96.6075 39.0111, -96.5197 39.0111))"
granule,G1422715802-ORNL_DAAC,FIFE_OT_STAFF.8039xetl.ots,ORNL_DAAC,1,2017-09-28T15:55:41Z,1994-07-24T00:00:00.000Z,FIFE_OT_STAFF_66,FIFE_OT_STAFF.8039xetl.ots,0.003202,,Both,1988-02-08T00:00:00.000Z,1988-02-08T00:00:00.000Z,39.0111,39.1928,-96.6075,-96.5197,"POLYGON ((-96.5197 39.0111, -96.5197 39.1928, -96.6075 39.1928, -96.6075 39.0111, -96.5197 39.0111))"
granule,G1422715902-ORNL_DAAC,FIFE_OT_STAFF.8046xetl.ots,ORNL_DAAC,1,2017-09-28T15:56:18Z,1994-07-24T00:00:00.000Z,FIFE_OT_STAFF_66,FIFE_OT_STAFF.8046xetl.ots,0.0021,,Both,1988-02-15T00:00:00.000Z,1988-02-15T00:00:00.000Z,39.0111,39.1928,-96.6075,-96.5197,"POLYGON ((-96.5197 39.0111, -96.5197 39.1928, -96.6075 39.1928, -96.6075 39.0111, -96.5197 39.0111))"
granule,G1422715913-ORNL_DAAC,FIFE_OT_STAFF.80461609.ots,ORNL_DAAC,1,2017-09-28T15:56:22Z,1994-07-24T00:00:00.000Z,FIFE_OT_STAFF_66,FIFE_OT_STAFF.80461609.ots,0.00485,,Both,1988-02-15T00:00:00.000Z,1988-02-15T00:00:00.000Z,39.0111,39.1928,-96.6075,-96.5197,"POLYGON ((-96.5197 39.0111, -96.5197 39.1928, -96.6075 39.1928, -96.6075 39.0111, -96.5197 39.0111))"
granule,G1422715823-ORNL_DAAC,FIFE_OT_STAFF.8050xetl.ots,ORNL_DAAC,1,2017-09-28T15:55:51Z,1994-07-24T00:00:00.000Z,FIFE_OT_STAFF_66,FIFE_OT_STAFF.8050xetl.ots,0.002659,,Both,1988-02-19T00:00:00.000Z,1988-02-19T00:00:00.000Z,39.0111,39.1928,-96.6075,-96.5197,"POLYGON ((-96.5197 39.0111, -96.5197 39.1928, -96.6075 39.1928, -96.6075 39.0111, -96.5197 39.0111))"
granule,G1422715849-ORNL_DAAC,FIFE_OT_STAFF.8051xetl.ots,ORNL_DAAC,1,2017-09-28T15:56:02Z,1994-07-24T00:00:00.000Z,FIFE_OT_STAFF_66,FIFE_OT_STAFF.8051xetl.ots,0.00205,,Both,1988-02-20T00:00:00.000Z,1988-02-20T00:00:00.000Z,39.0111,39.1928,-96.6075,-96.5197,"POLYGON ((-96.5197 39.0111, -96.5197 39.1928, -96.6075 39.1928, -96.6075 39.0111, -96.5197 39.0111))"
granule,G1422715859-ORNL_DAAC,FIFE_OT_STAFF.8052xetl.ots,ORNL_DAAC,1,2017-09-28T15:56:06Z,1994-07-24T00:00:00.000Z,FIFE_OT_STAFF_66,FIFE_OT_STAFF.8052xetl.ots,0.002043,,Both,1988-02-21T00:00:00.000Z,1988-02-21T00:00:00.000Z,39.0111,39.1928,-96.6075,-96.5197,"POLYGON ((-96.5197 39.0111, -96.5197 39.1928, -96.6075 39.1928, -96.6075 39.0111, -96.5197 39.0111))"
granule,G1422715868-ORNL_DAAC,FIFE_OT_STAFF.8053xetl.ots,ORNL_DAAC,1,2017-09-28T15:56:09Z,1994-07-24T00:00:00.000Z,FIFE_OT_STAFF_66,FIFE_OT_STAFF.8053xetl.ots,0.003689,,Both,1988-02-22T00:00:00.000Z,1988-02-22T00:00:00.000Z,39.0111,39.1928,-96.6075,-96.5197,"POLYGON ((-96.5197 39.0111, -96.5197 39.1928, -96.6075 39.1928, -96.6075 39.0111, -96.5197 39.0111))"
granule,G1422715844-ORNL_DAAC,FIFE_OT_STAFF.8054xetl.ots,ORNL_DAAC,1,2017-09-28T15:56:00Z,1994-07-24T00:00:00.000Z,FIFE_OT_STAFF_66,FIFE_OT_STAFF.8054xetl.ots,0.002093,,Both,1988-02-23T00:00:00.000Z,1988-02-23T00:00:00.000Z,39.0111,39.1928,-96.6075,-96.5197,"POLYGON ((-96.5197 39.0111, -96.5197 39.1928, -96.6075 39.1928, -96.6075 39.0111, -96.5197 39.0111))"
granule,G1422715856-ORNL_DAAC,FIFE_OT_STAFF.8055xetl.ots,ORNL_DAAC,1,2017-09-28T15:56:05Z,1994-07-24T00:00:00.000Z,FIFE_OT_STAFF_66,FIFE_OT_STAFF.8055xetl.ots,0.0026,,Both,1988-02-24T00:00:00.000Z,1988-02-24T00:00:00.000Z,39.0111,39.1928,-96.6075,-96.5197,"POLYGON ((-96.5197 39.0111, -96.5197 39.1928, -96.6075 39.1928, -96.6075 39.0111, -96.5197 39.0111))"
granule,G1422715787-ORNL_DAAC,FIFE_OT_STAFF.80561609.ots,ORNL_DAAC,1,2017-09-28T15:55:34Z,1994-07-24T00:00:00.000Z,FIFE_OT_STAFF_66,FIFE_OT_STAFF.80561609.ots,0.002581,,Both,1988-02-25T00:00:00.000Z,1988-02-25T00:00:00.000Z,39.0111,39.1928,-96.6075,-96.5197,"POLYGON ((-96.5197 39.0111, -96.5197 39.1928, -96.6075 39.1928, -96.6075 39.0111, -96.5197 39.0111))"
granule,G1422715745-ORNL_DAAC,FIFE_OT_STAFF.8057xetl.ots,ORNL_DAAC,1,2017-09-28T15:55:16Z,1994-07-24T00:00:00.000Z,FIFE_OT_STAFF_66,FIFE_OT_STAFF.8057xetl.ots,0.005334,,Both,1988-02-26T00:00:00.000Z,1988-02-26T00:00:00.000Z,39.0111,39.1928,-96.6075,-96.5197,"POLYGON ((-96.5197 39.0111, -96.5197 39.1928, -96.6075 39.1928, -96.6075 39.0111, -96.5197 39.0111))"
granule,G1422715297-ORNL_DAAC,FIFE_OT_STAFF.8058xetl.ots,ORNL_DAAC,1,2017-09-28T15:55:10Z,1994-07-24T00:00:00.000Z,FIFE_OT_STAFF_66,FIFE_OT_STAFF.8058xetl.ots,0.005841,,Both,1988-02-27T00:00:00.000Z,1988-02-27T00:00:00.000Z,39.0111,39.1928,-96.6075,-96.5197,"POLYGON ((-96.5197 39.0111, -96.5197 39.1928, -96.6075 39.1928, -96.6075 39.0111, -96.5197 39.0111))"
granule,G1422715883-ORNL_DAAC,FIFE_OT_STAFF.8059xetl.ots,ORNL_DAAC,1,2017-09-28T15:56:13Z,1994-07-24T00:00:00.000Z,FIFE_OT_STAFF_66,FIFE_OT_STAFF.8059xetl.ots,0.004777,,Both,1988-02-28T00:00:00.000Z,1988-02-28T00:00:00.000Z,39.0111,39.1928,-96.6075,-96.5197,"POLYGON ((-96.5197 39.0111, -96.5197 39.1928, -96.6075 39.1928, -96.6075 39.0111, -96.5197 39.0111))"
granule,G1422715848-ORNL_DAAC,FIFE_OT_STAFF.8066xetl.ots,ORNL_DAAC,1,2017-09-28T15:56:01Z,1994-07-24T00:00:00.000Z,FIFE_OT_STAFF_66,FIFE_OT_STAFF.8066xetl.ots,0.001505,,Both,1988-03-06T00:00:00.000Z,1988-03-06T00:00:00.000Z,39.0111,39.1928,-96.6075,-96.5197,"POLYGON ((-96.5197 39.0111, -96.5197 39.1928, -96.6075 39.1928, -96.6075 39.0111, -96.5197 39.0111))"
granule,G1422715118-ORNL_DAAC,FIFE_OT_STAFF.8068xetl.ots,ORNL_DAAC,1,2017-09-28T15:55:07Z,1994-07-24T00:00:00.000Z,FIFE_OT_STAFF_66,FIFE_OT_STAFF.8068xetl.ots,0.002663,,Both,1988-03-08T00:00:00.000Z,1988-03-08T00:00:00.000Z,39.0111,39.1928,-96.6075,-96.5197,"POLYGON ((-96.5197 39.0111, -96.5197 39.1928, -96.6075 39.1928, -96.6075 39.0111, -96.5197 39.0111))"
granule,G1422715818-ORNL_DAAC,FIFE_OT_STAFF.8069xetl.ots,ORNL_DAAC,1,2017-09-28T15:55:49Z,1994-07-24T00:00:00.000Z,FIFE_OT_STAFF_66,FIFE_OT_STAFF.8069xetl.ots,0.003131,,Both,1988-03-09T00:00:00.000Z,1988-03-09T00:00:00.000Z,39.0111,39.1928,-96.6075,-96.5197,"POLYGON ((-96.5197 39.0111, -96.5197 39.1928, -96.6075 39.1928, -96.6075 39.0111, -96.5197 39.0111))"
granule,G1422715842-ORNL_DAAC,FIFE_OT_STAFF.8071xetl.ots,ORNL_DAAC,1,2017-09-28T15:55:59Z,1994-07-24T00:00:00.000Z,FIFE_OT_STAFF_66,FIFE_OT_STAFF.8071xetl.ots,0.003129,,Both,1988-03-11T00:00:00.000Z,1988-03-11T00:00:00.000Z,39.0111,39.1928,-96.6075,-96.5197,"POLYGON ((-96.5197 39.0111, -96.5197 39.1928, -96.6075 39.1928, -96.6075 39.0111, -96.5197 39.0111))"
granule,G1422714709-ORNL_DAAC,FIFE_OT_STAFF.8073xetl.ots,ORNL_DAAC,1,2017-09-28T15:54:58Z,1994-07-24T00:00:00.000Z,FIFE_OT_STAFF_66,FIFE_OT_STAFF.8073xetl.ots,0.002044,,Both,1988-03-13T00:00:00.000Z,1988-03-13T00:00:00.000Z,39.0111,39.1928,-96.6075,-96.5197,"POLYGON ((-96.5197 39.0111, -96.5197 39.1928, -96.6075 39.1928, -96.6075 39.0111, -96.5197 39.0111))"
granule,G1422715906-ORNL_DAAC,FIFE_OT_STAFF.8074xetl.ots,ORNL_DAAC,1,2017-09-28T15:56:20Z,1994-07-24T00:00:00.000Z,FIFE_OT_STAFF_66,FIFE_OT_STAFF.8074xetl.ots,0.001518,,Both,1988-03-14T00:00:00.000Z,1988-03-14T00:00:00.000Z,39.0111,39.1928,-96.6075,-96.5197,"POLYGON ((-96.5197 39.0111, -96.5197 39.1928, -96.6075 39.1928, -96.6075 39.0111, -96.5197 39.0111))"
granule,G1422715770-ORNL_DAAC,FIFE_OT_STAFF.8081xetl.ots,ORNL_DAAC,1,2017-09-28T15:55:26Z,1994-07-24T00:00:00.000Z,FIFE_OT_STAFF_66,FIFE_OT_STAFF.8081xetl.ots,0.002583,,Both,1988-03-21T00:00:00.000Z,1988-03-21T00:00:00.000Z,39.0111,39.1928,-96.6075,-96.5197,"POLYGON ((-96.5197 39.0111, -96.5197 39.1928, -96.6075 39.1928, -96.6075 39.0111, -96.5197 39.0111))"
granule,G1422715559-ORNL_DAAC,FIFE_OT_STAFF.8086xetl.ots,ORNL_DAAC,1,2017-09-28T15:55:13Z,1994-07-24T00:00:00.000Z,FIFE_OT_STAFF_66,FIFE_OT_STAFF.8086xetl.ots,0.002605,,Both,1988-03-26T00:00:00.000Z,1988-03-26T00:00:00.000Z,39.0111,39.1928,-96.6075,-96.5197,"POLYGON ((-96.5197 39.0111, -96.5197 39.1928, -96.6075 39.1928, -96.6075 39.0111, -96.5197 39.0111))"
granule,G1422715071-ORNL_DAAC,FIFE_OT_STAFF.8087xetl.ots,ORNL_DAAC,1,2017-09-28T15:55:06Z,1994-07-24T00:00:00.000Z,FIFE_OT_STAFF_66,FIFE_OT_STAFF.8087xetl.ots,0.002057,,Both,1988-03-27T00:00:00.000Z,1988-03-27T00:00:00.000Z,39.0111,39.1928,-96.6075,-96.5197,"POLYGON ((-96.5197 39.0111, -96.5197 39.1928, -96.6075 39.1928, -96.6075 39.0111, -96.5197 39.0111))"
granule,G1422715833-ORNL_DAAC,FIFE_OT_STAFF.8089xetl.ots,ORNL_DAAC,1,2017-09-28T15:55:55Z,1994-07-24T00:00:00.000Z,FIFE_OT_STAFF_66,FIFE_OT_STAFF.8089xetl.ots,0.002058,,Both,1988-03-29T00:00:00.000Z,1988-03-29T00:00:00.000Z,39.0111,39.1928,-96.6075,-96.5197,"POLYGON ((-96.5197 39.0111, -96.5197 39.1928, -96.6075 39.1928, -96.6075 39.0111, -96.5197 39.0111))"
granule,G1422715806-ORNL_DAAC,FIFE_OT_STAFF.80901609.ots,ORNL_DAAC,1,2017-09-28T15:55:44Z,1994-07-24T00:00:00.000Z,FIFE_OT_STAFF_66,FIFE_OT_STAFF.80901609.ots,0.002064,,Both,1988-03-30T00:00:00.000Z,1988-03-30T00:00:00.000Z,39.0111,39.1928,-96.6075,-96.5197,"POLYGON ((-96.5197 39.0111, -96.5197 39.1928, -96.6075 39.1928, -96.6075 39.0111, -96.5197 39.0111))"
granule,G1422715835-ORNL_DAAC,FIFE_OT_STAFF.8096xetl.ots,ORNL_DAAC,1,2017-09-28T15:55:55Z,1994-07-24T00:00:00.000Z,FIFE_OT_STAFF_66,FIFE_OT_STAFF.8096xetl.ots,0.002051,,Both,1988-04-05T00:00:00.000Z,1988-04-05T00:00:00.000Z,39.0111,39.1928,-96.6075,-96.5197,"POLYGON ((-96.5197 39.0111, -96.5197 39.1928, -96.6075 39.1928, -96.6075 39.0111, -96.5197 39.0111))"
granule,G1422715617-ORNL_DAAC,FIFE_OT_STAFF.8097xetl.ots,ORNL_DAAC,1,2017-09-28T15:55:14Z,1994-07-24T00:00:00.000Z,FIFE_OT_STAFF_66,FIFE_OT_STAFF.8097xetl.ots,0.002065,,Both,1988-04-06T00:00:00.000Z,1988-04-06T00:00:00.000Z,39.0111,39.1928,-96.6075,-96.5197,"POLYGON ((-96.5197 39.0111, -96.5197 39.1928, -96.6075 39.1928, -96.6075 39.0111, -96.5197 39.0111))"
granule,G1422714756-ORNL_DAAC,FIFE_OT_STAFF.8098xetl.ots,ORNL_DAAC,1,2017-09-28T15:55:00Z,1994-07-24T00:00:00.000Z,FIFE_OT_STAFF_66,FIFE_OT_STAFF.8098xetl.ots,0.002103,,Both,1988-04-07T00:00:00.000Z,1988-04-07T00:00:00.000Z,39.0111,39.1928,-96.6075,-96.5197,"POLYGON ((-96.5197 39.0111, -96.5197 39.1928, -96.6075 39.1928, -96.6075 39.0111, -96.5197 39.0111))"
granule,G1422714528-ORNL_DAAC,FIFE_OT_STAFF.8099xetl.ots,ORNL_DAAC,1,2017-09-28T15:54:43Z,1994-07-24T00:00:00.000Z,FIFE_OT_STAFF_66,FIFE_OT_STAFF.8099xetl.ots,0.001505,,Both,1988-04-08T00:00:00.000Z,1988-04-08T00:00:00.000Z,39.0111,39.1928,-96.6075,-96.5197,"POLYGON ((-96.5197 39.0111, -96.5197 39.1928, -96.6075 39.1928, -96.6075 39.0111, -96.5197 39.0111))"
granule,G1422715776-ORNL_DAAC,FIFE_OT_STAFF.8101xetl.ots,ORNL_DAAC,1,2017-09-28T15:55:29Z,1994-07-24T00:00:00.000Z,FIFE_OT_STAFF_66,FIFE_OT_STAFF.8101xetl.ots,0.001519,,Both,1988-04-10T00:00:00.000Z,1988-04-10T00:00:00.000Z,39.0111,39.1928,-96.6075,-96.5197,"POLYGON ((-96.5197 39.0111, -96.5197 39.1928, -96.6075 39.1928, -96.6075 39.0111, -96.5197 39.0111))"
granule,G1422715923-ORNL_DAAC,FIFE_OT_STAFF.8102xetl.ots,ORNL_DAAC,1,2017-09-28T15:56:27Z,1994-07-24T00:00:00.000Z,FIFE_OT_STAFF_66,FIFE_OT_STAFF.8102xetl.ots,0.002065,,Both,1988-04-11T00:00:00.000Z,1988-04-11T00:00:00.000Z,39.0111,39.1928,-96.6075,-96.5197,"POLYGON ((-96.5197 39.0111, -96.5197 39.1928, -96.6075 39.1928, -96.6075 39.0111, -96.5197 39.0111))"
granule,G1422715022-ORNL_DAAC,FIFE_OT_STAFF.8103xetl.ots,ORNL_DAAC,1,2017-09-28T15:55:05Z,1994-07-24T00:00:00.000Z,FIFE_OT_STAFF_66,FIFE_OT_STAFF.8103xetl.ots,0.003722,,Both,1988-04-12T00:00:00.000Z,1988-04-12T00:00:00.000Z,39.0111,39.1928,-96.6075,-96.5197,"POLYGON ((-96.5197 39.0111, -96.5197 39.1928, -96.6075 39.1928, -96.6075 39.0111, -96.5197 39.0111))"
granule,G1422715822-ORNL_DAAC,FIFE_OT_STAFF.81034439.ots,ORNL_DAAC,1,2017-09-28T15:55:50Z,1994-07-24T00:00:00.000Z,FIFE_OT_STAFF_66,FIFE_OT_STAFF.81034439.ots,0.001603,,Both,1988-04-12T00:00:00.000Z,1988-04-12T00:00:00.000Z,39.0111,39.1928,-96.6075,-96.5197,"POLYGON ((-96.5197 39.0111, -96.5197 39.1928, -96.6075 39.1928, -96.6075 39.0111, -96.5197 39.0111))"
granule,G1422715799-ORNL_DAAC,FIFE_OT_STAFF.8104xetl.ots,ORNL_DAAC,1,2017-09-28T15:55:40Z,1994-07-24T00:00:00.000Z,FIFE_OT_STAFF_66,FIFE_OT_STAFF.8104xetl.ots,0.002048,,Both,1988-04-13T00:00:00.000Z,1988-04-13T00:00:00.000Z,39.0111,39.1928,-96.6075,-96.5197,"POLYGON ((-96.5197 39.0111, -96.5197 39.1928, -96.6075 39.1928, -96.6075 39.0111, -96.5197 39.0111))"
granule,G1422715878-ORNL_DAAC,FIFE_OT_STAFF.8106xetl.ots,ORNL_DAAC,1,2017-09-28T15:56:11Z,1994-07-24T00:00:00.000Z,FIFE_OT_STAFF_66,FIFE_OT_STAFF.8106xetl.ots,0.00205,,Both,1988-04-15T00:00:00.000Z,1988-04-15T00:00:00.000Z,39.0111,39.1928,-96.6075,-96.5197,"POLYGON ((-96.5197 39.0111, -96.5197 39.1928, -96.6075 39.1928, -96.6075 39.0111, -96.5197 39.0111))"
granule,G1422715827-ORNL_DAAC,FIFE_OT_STAFF.8109xetl.ots,ORNL_DAAC,1,2017-09-28T15:55:52Z,1994-07-24T00:00:00.000Z,FIFE_OT_STAFF_66,FIFE_OT_STAFF.8109xetl.ots,0.002055,,Both,1988-04-18T00:00:00.000Z,1988-04-18T00:00:00.000Z,39.0111,39.1928,-96.6075,-96.5197,"POLYGON ((-96.5197 39.0111, -96.5197 39.1928, -96.6075 39.1928, -96.6075 39.0111, -96.5197 39.0111))"
granule,G1422715917-ORNL_DAAC,FIFE_OT_STAFF.8110xetl.ots,ORNL_DAAC,1,2017-09-28T15:56:24Z,1994-07-24T00:00:00.000Z,FIFE_OT_STAFF_66,FIFE_OT_STAFF.8110xetl.ots,0.00369,,Both,1988-04-19T00:00:00.000Z,1988-04-19T00:00:00.000Z,39.0111,39.1928,-96.6075,-96.5197,"POLYGON ((-96.5197 39.0111, -96.5197 39.1928, -96.6075 39.1928, -96.6075 39.0111, -96.5197 39.0111))"
granule,G1422715046-ORNL_DAAC,FIFE_OT_STAFF.8111xetl.ots,ORNL_DAAC,1,2017-09-28T15:55:06Z,1994-07-24T00:00:00.000Z,FIFE_OT_STAFF_66,FIFE_OT_STAFF.8111xetl.ots,0.002087,,Both,1988-04-20T00:00:00.000Z,1988-04-20T00:00:00.000Z,39.0111,39.1928,-96.6075,-96.5197,"POLYGON ((-96.5197 39.0111, -96.5197 39.1928, -96.6075 39.1928, -96.6075 39.0111, -96.5197 39.0111))"
granule,G1422715769-ORNL_DAAC,FIFE_OT_STAFF.8115xetl.ots,ORNL_DAAC,1,2017-09-28T15:55:26Z,1994-07-24T00:00:00.000Z,FIFE_OT_STAFF_66,FIFE_OT_STAFF.8115xetl.ots,0.002057,,Both,1988-04-24T00:00:00.000Z,1988-04-24T00:00:00.000Z,39.0111,39.1928,-96.6075,-96.5197,"POLYGON ((-96.5197 39.0111, -96.5197 39.1928, -96.6075 39.1928, -96.6075 39.0111, -96.5197 39.0111))"
granule,G1422714529-ORNL_DAAC,FIFE_OT_STAFF.8118xetl.ots,ORNL_DAAC,1,2017-09-28T15:54:43Z,1994-07-24T00:00:00.000Z,FIFE_OT_STAFF_66,FIFE_OT_STAFF.8118xetl.ots,0.002605,,Both,1988-04-27T00:00:00.000Z,1988-04-27T00:00:00.000Z,39.0111,39.1928,-96.6075,-96.5197,"POLYGON ((-96.5197 39.0111, -96.5197 39.1928, -96.6075 39.1928, -96.6075 39.0111, -96.5197 39.0111))"
granule,G1422715812-ORNL_DAAC,FIFE_OT_STAFF.81191609.ots,ORNL_DAAC,1,2017-09-28T15:55:47Z,1994-07-24T00:00:00.000Z,FIFE_OT_STAFF_66,FIFE_OT_STAFF.81191609.ots,0.002029,,Both,1988-04-28T00:00:00.000Z,1988-04-28T00:00:00.000Z,39.0111,39.1928,-96.6075,-96.5197,"POLYGON ((-96.5197 39.0111, -96.5197 39.1928, -96.6075 39.1928, -96.6075 39.0111, -96.5197 39.0111))"
granule,G1422715777-ORNL_DAAC,FIFE_OT_STAFF.8125xetl.ots,ORNL_DAAC,1,2017-09-28T15:55:29Z,1994-07-24T00:00:00.000Z,FIFE_OT_STAFF_66,FIFE_OT_STAFF.8125xetl.ots,0.002068,,Both,1988-05-04T00:00:00.000Z,1988-05-04T00:00:00.000Z,39.0111,39.1928,-96.6075,-96.5197,"POLYGON ((-96.5197 39.0111, -96.5197 39.1928, -96.6075 39.1928, -96.6075 39.0111, -96.5197 39.0111))"
granule,G1422715780-ORNL_DAAC,FIFE_OT_STAFF.8126xetl.ots,ORNL_DAAC,1,2017-09-28T15:55:30Z,1994-07-24T00:00:00.000Z,FIFE_OT_STAFF_66,FIFE_OT_STAFF.8126xetl.ots,0.004402,,Both,1988-05-05T00:00:00.000Z,1988-05-05T00:00:00.000Z,39.0111,39.1928,-96.6075,-96.5197,"POLYGON ((-96.5197 39.0111, -96.5197 39.1928, -96.6075 39.1928, -96.6075 39.0111, -96.5197 39.0111))"
granule,G1422715774-ORNL_DAAC,FIFE_OT_STAFF.8128xetl.ots,ORNL_DAAC,1,2017-09-28T15:55:28Z,1994-07-24T00:00:00.000Z,FIFE_OT_STAFF_66,FIFE_OT_STAFF.8128xetl.ots,0.003647,,Both,1988-05-07T00:00:00.000Z,1988-05-07T00:00:00.000Z,39.0111,39.1928,-96.6075,-96.5197,"POLYGON ((-96.5197 39.0111, -96.5197 39.1928, -96.6075 39.1928, -96.6075 39.0111, -96.5197 39.0111))"
granule,G1422715851-ORNL_DAAC,FIFE_OT_STAFF.8130xetl.ots,ORNL_DAAC,1,2017-09-28T15:56:03Z,1994-07-24T00:00:00.000Z,FIFE_OT_STAFF_66,FIFE_OT_STAFF.8130xetl.ots,0.005344,,Both,1988-05-09T00:00:00.000Z,1988-05-09T00:00:00.000Z,39.0111,39.1928,-96.6075,-96.5197,"POLYGON ((-96.5197 39.0111, -96.5197 39.1928, -96.6075 39.1928, -96.6075 39.0111, -96.5197 39.0111))"
granule,G1422714522-ORNL_DAAC,FIFE_OT_STAFF.8131xetl.ots,ORNL_DAAC,1,2017-09-28T15:54:40Z,1994-07-24T00:00:00.000Z,FIFE_OT_STAFF_66,FIFE_OT_STAFF.8131xetl.ots,0.001561,,Both,1988-05-10T00:00:00.000Z,1988-05-10T00:00:00.000Z,39.0111,39.1928,-96.6075,-96.5197,"POLYGON ((-96.5197 39.0111, -96.5197 39.1928, -96.6075 39.1928, -96.6075 39.0111, -96.5197 39.0111))"
granule,G1422714545-ORNL_DAAC,FIFE_OT_STAFF.81316735.ots,ORNL_DAAC,1,2017-09-28T15:54:50Z,1994-07-24T00:00:00.000Z,FIFE_OT_STAFF_66,FIFE_OT_STAFF.81316735.ots,0.002021,,Both,1988-05-10T00:00:00.000Z,1988-05-10T00:00:00.000Z,39.0111,39.1928,-96.6075,-96.5197,"POLYGON ((-96.5197 39.0111, -96.5197 39.1928, -96.6075 39.1928, -96.6075 39.0111, -96.5197 39.0111))"
granule,G1422715847-ORNL_DAAC,FIFE_OT_STAFF.8132xetl.ots,ORNL_DAAC,1,2017-09-28T15:56:01Z,1994-07-24T00:00:00.000Z,FIFE_OT_STAFF_66,FIFE_OT_STAFF.8132xetl.ots,0.002051,,Both,1988-05-11T00:00:00.000Z,1988-05-11T00:00:00.000Z,39.0111,39.1928,-96.6075,-96.5197,"POLYGON ((-96.5197 39.0111, -96.5197 39.1928, -96.6075 39.1928, -96.6075 39.0111, -96.5197 39.0111))"
granule,G1422715399-ORNL_DAAC,FIFE_OT_STAFF.8133xetl.ots,ORNL_DAAC,1,2017-09-28T15:55:11Z,1994-07-24T00:00:00.000Z,FIFE_OT_STAFF_66,FIFE_OT_STAFF.8133xetl.ots,0.00205,,Both,1988-05-12T00:00:00.000Z,1988-05-12T00:00:00.000Z,39.0111,39.1928,-96.6075,-96.5197,"POLYGON ((-96.5197 39.0111, -96.5197 39.1928, -96.6075 39.1928, -96.6075 39.0111, -96.5197 39.0111))"
granule,G1422714527-ORNL_DAAC,FIFE_OT_STAFF.8134xetl.ots,ORNL_DAAC,1,2017-09-28T15:54:42Z,1994-07-24T00:00:00.000Z,FIFE_OT_STAFF_66,FIFE_OT_STAFF.8134xetl.ots,0.003664,,Both,1988-05-13T00:00:00.000Z,1988-05-13T00:00:00.000Z,39.0111,39.1928,-96.6075,-96.5197,"POLYGON ((-96.5197 39.0111, -96.5197 39.1928, -96.6075 39.1928, -96.6075 39.0111, -96.5197 39.0111))"
granule,G1422715858-ORNL_DAAC,FIFE_OT_STAFF.8137xetl.ots,ORNL_DAAC,1,2017-09-28T15:56:06Z,1994-07-24T00:00:00.000Z,FIFE_OT_STAFF_66,FIFE_OT_STAFF.8137xetl.ots,0.002582,,Both,1988-05-16T00:00:00.000Z,1988-05-16T00:00:00.000Z,39.0111,39.1928,-96.6075,-96.5197,"POLYGON ((-96.5197 39.0111, -96.5197 39.1928, -96.6075 39.1928, -96.6075 39.0111, -96.5197 39.0111))"
granule,G1422715785-ORNL_DAAC,FIFE_OT_STAFF.8138xetl.ots,ORNL_DAAC,1,2017-09-28T15:55:33Z,1994-07-24T00:00:00.000Z,FIFE_OT_STAFF_66,FIFE_OT_STAFF.8138xetl.ots,0.002058,,Both,1988-05-17T00:00:00.000Z,1988-05-17T00:00:00.000Z,39.0111,39.1928,-96.6075,-96.5197,"POLYGON ((-96.5197 39.0111, -96.5197 39.1928, -96.6075 39.1928, -96.6075 39.0111, -96.5197 39.0111))"
granule,G1422715800-ORNL_DAAC,FIFE_OT_STAFF.8139xetl.ots,ORNL_DAAC,1,2017-09-28T15:55:40Z,1994-07-24T00:00:00.000Z,FIFE_OT_STAFF_66,FIFE_OT_STAFF.8139xetl.ots,0.002059,,Both,1988-05-18T00:00:00.000Z,1988-05-18T00:00:00.000Z,39.0111,39.1928,-96.6075,-96.5197,"POLYGON ((-96.5197 39.0111, -96.5197 39.1928, -96.6075 39.1928, -96.6075 39.0111, -96.5197 39.0111))"
granule,G1422715518-ORNL_DAAC,FIFE_OT_STAFF.8145xetl.ots,ORNL_DAAC,1,2017-09-28T15:55:13Z,1994-07-24T00:00:00.000Z,FIFE_OT_STAFF_66,FIFE_OT_STAFF.8145xetl.ots,0.003668,,Both,1988-05-24T00:00:00.000Z,1988-05-24T00:00:00.000Z,39.0111,39.1928,-96.6075,-96.5197,"POLYGON ((-96.5197 39.0111, -96.5197 39.1928, -96.6075 39.1928, -96.6075 39.0111, -96.5197 39.0111))"
granule,G1422715898-ORNL_DAAC,FIFE_OT_STAFF.8146xetl.ots,ORNL_DAAC,1,2017-09-28T15:56:16Z,1994-07-24T00:00:00.000Z,FIFE_OT_STAFF_66,FIFE_OT_STAFF.8146xetl.ots,0.003692,,Both,1988-05-25T00:00:00.000Z,1988-05-25T00:00:00.000Z,39.0111,39.1928,-96.6075,-96.5197,"POLYGON ((-96.5197 39.0111, -96.5197 39.1928, -96.6075 39.1928, -96.6075 39.0111, -96.5197 39.0111))"
granule,G1422715768-ORNL_DAAC,FIFE_OT_STAFF.8148xetl.ots,ORNL_DAAC,1,2017-09-28T15:55:25Z,1994-07-24T00:00:00.000Z,FIFE_OT_STAFF_66,FIFE_OT_STAFF.8148xetl.ots,0.002067,,Both,1988-05-27T00:00:00.000Z,1988-05-27T00:00:00.000Z,39.0111,39.1928,-96.6075,-96.5197,"POLYGON ((-96.5197 39.0111, -96.5197 39.1928, -96.6075 39.1928, -96.6075 39.0111, -96.5197 39.0111))"
granule,G1422715845-ORNL_DAAC,FIFE_OT_STAFF.8151xetl.ots,ORNL_DAAC,1,2017-09-28T15:56:00Z,1994-07-24T00:00:00.000Z,FIFE_OT_STAFF_66,FIFE_OT_STAFF.8151xetl.ots,0.002037,,Both,1988-05-30T00:00:00.000Z,1988-05-30T00:00:00.000Z,39.0111,39.1928,-96.6075,-96.5197,"POLYGON ((-96.5197 39.0111, -96.5197 39.1928, -96.6075 39.1928, -96.6075 39.0111, -96.5197 39.0111))"
granule,G1422715767-ORNL_DAAC,FIFE_OT_STAFF.8156xetl.ots,ORNL_DAAC,1,2017-09-28T15:55:25Z,1994-07-24T00:00:00.000Z,FIFE_OT_STAFF_66,FIFE_OT_STAFF.8156xetl.ots,0.006888,,Both,1988-06-04T00:00:00.000Z,1988-06-04T00:00:00.000Z,39.0111,39.1928,-96.6075,-96.5197,"POLYGON ((-96.5197 39.0111, -96.5197 39.1928, -96.6075 39.1928, -96.6075 39.0111, -96.5197 39.0111))"
granule,G1422715788-ORNL_DAAC,FIFE_OT_STAFF.8157xetl.ots,ORNL_DAAC,1,2017-09-28T15:55:34Z,1994-07-24T00:00:00.000Z,FIFE_OT_STAFF_66,FIFE_OT_STAFF.8157xetl.ots,0.006895,,Both,1988-06-05T00:00:00.000Z,1988-06-05T00:00:00.000Z,39.0111,39.1928,-96.6075,-96.5197,"POLYGON ((-96.5197 39.0111, -96.5197 39.1928, -96.6075 39.1928, -96.6075 39.0111, -96.5197 39.0111))"
granule,G1422715864-ORNL_DAAC,FIFE_OT_STAFF.8158xetl.ots,ORNL_DAAC,1,2017-09-28T15:56:08Z,1994-07-24T00:00:00.000Z,FIFE_OT_STAFF_66,FIFE_OT_STAFF.8158xetl.ots,0.006413,,Both,1988-06-06T00:00:00.000Z,1988-06-06T00:00:00.000Z,39.0111,39.1928,-96.6075,-96.5197,"POLYGON ((-96.5197 39.0111, -96.5197 39.1928, -96.6075 39.1928, -96.6075 39.0111, -96.5197 39.0111))"
granule,G1422715781-ORNL_DAAC,FIFE_OT_STAFF.8159xetl.ots,ORNL_DAAC,1,2017-09-28T15:55:31Z,1994-07-24T00:00:00.000Z,FIFE_OT_STAFF_66,FIFE_OT_STAFF.8159xetl.ots,0.00858,,Both,1988-06-07T00:00:00.000Z,1988-06-07T00:00:00.000Z,39.0111,39.1928,-96.6075,-96.5197,"POLYGON ((-96.5197 39.0111, -96.5197 39.1928, -96.6075 39.1928, -96.6075 39.0111, -96.5197 39.0111))"
granule,G1422715753-ORNL_DAAC,FIFE_OT_STAFF.8160xetl.ots,ORNL_DAAC,1,2017-09-28T15:55:18Z,1994-07-24T00:00:00.000Z,FIFE_OT_STAFF_66,FIFE_OT_STAFF.8160xetl.ots,0.005832,,Both,1988-06-08T00:00:00.000Z,1988-06-08T00:00:00.000Z,39.0111,39.1928,-96.6075,-96.5197,"POLYGON ((-96.5197 39.0111, -96.5197 39.1928, -96.6075 39.1928, -96.6075 39.0111, -96.5197 39.0111))"
granule,G1422715853-ORNL_DAAC,FIFE_OT_STAFF.8161xetl.ots,ORNL_DAAC,1,2017-09-28T15:56:04Z,1994-07-24T00:00:00.000Z,FIFE_OT_STAFF_66,FIFE_OT_STAFF.8161xetl.ots,0.002585,,Both,1988-06-09T00:00:00.000Z,1988-06-09T00:00:00.000Z,39.0111,39.1928,-96.6075,-96.5197,"POLYGON ((-96.5197 39.0111, -96.5197 39.1928, -96.6075 39.1928, -96.6075 39.0111, -96.5197 39.0111))"
granule,G1422715922-ORNL_DAAC,FIFE_OT_STAFF.8163xetl.ots,ORNL_DAAC,1,2017-09-28T15:56:26Z,1994-07-24T00:00:00.000Z,FIFE_OT_STAFF_66,FIFE_OT_STAFF.8163xetl.ots,0.002602,,Both,1988-06-11T00:00:00.000Z,1988-06-11T00:00:00.000Z,39.0111,39.1928,-96.6075,-96.5197,"POLYGON ((-96.5197 39.0111, -96.5197 39.1928, -96.6075 39.1928, -96.6075 39.0111, -96.5197 39.0111))"
granule,G1422715831-ORNL_DAAC,FIFE_OT_STAFF.8168xetl.ots,ORNL_DAAC,1,2017-09-28T15:55:54Z,1994-07-24T00:00:00.000Z,FIFE_OT_STAFF_66,FIFE_OT_STAFF.8168xetl.ots,0.004745,,Both,1988-06-16T00:00:00.000Z,1988-06-16T00:00:00.000Z,39.0111,39.1928,-96.6075,-96.5197,"POLYGON ((-96.5197 39.0111, -96.5197 39.1928, -96.6075 39.1928, -96.6075 39.0111, -96.5197 39.0111))"
granule,G1422715773-ORNL_DAAC,FIFE_OT_STAFF.8170xetl.ots,ORNL_DAAC,1,2017-09-28T15:55:27Z,1994-07-24T00:00:00.000Z,FIFE_OT_STAFF_66,FIFE_OT_STAFF.8170xetl.ots,0.003144,,Both,1988-06-18T00:00:00.000Z,1988-06-18T00:00:00.000Z,39.0111,39.1928,-96.6075,-96.5197,"POLYGON ((-96.5197 39.0111, -96.5197 39.1928, -96.6075 39.1928, -96.6075 39.0111, -96.5197 39.0111))"
granule,G1422715778-ORNL_DAAC,FIFE_OT_STAFF.8172xetl.ots,ORNL_DAAC,1,2017-09-28T15:55:30Z,1994-07-24T00:00:00.000Z,FIFE_OT_STAFF_66,FIFE_OT_STAFF.8172xetl.ots,0.00798,,Both,1988-06-20T00:00:00.000Z,1988-06-20T00:00:00.000Z,39.0111,39.1928,-96.6075,-96.5197,"POLYGON ((-96.5197 39.0111, -96.5197 39.1928, -96.6075 39.1928, -96.6075 39.0111, -96.5197 39.0111))"
granule,G1422714525-ORNL_DAAC,FIFE_OT_STAFF.8173xetl.ots,ORNL_DAAC,1,2017-09-28T15:54:41Z,1994-07-24T00:00:00.000Z,FIFE_OT_STAFF_66,FIFE_OT_STAFF.8173xetl.ots,0.004771,,Both,1988-06-21T00:00:00.000Z,1988-06-21T00:00:00.000Z,39.0111,39.1928,-96.6075,-96.5197,"POLYGON ((-96.5197 39.0111, -96.5197 39.1928, -96.6075 39.1928, -96.6075 39.0111, -96.5197 39.0111))"
granule,G1422715841-ORNL_DAAC,FIFE_OT_STAFF.8175xetl.ots,ORNL_DAAC,1,2017-09-28T15:55:58Z,1994-07-24T00:00:00.000Z,FIFE_OT_STAFF_66,FIFE_OT_STAFF.8175xetl.ots,0.002609,,Both,1988-06-23T00:00:00.000Z,1988-06-23T00:00:00.000Z,39.0111,39.1928,-96.6075,-96.5197,"POLYGON ((-96.5197 39.0111, -96.5197 39.1928, -96.6075 39.1928, -96.6075 39.0111, -96.5197 39.0111))"
granule,G1422714538-ORNL_DAAC,FIFE_OT_STAFF.8176xetl.ots,ORNL_DAAC,1,2017-09-28T15:54:47Z,1994-07-24T00:00:00.000Z,FIFE_OT_STAFF_66,FIFE_OT_STAFF.8176xetl.ots,0.005323,,Both,1988-06-24T00:00:00.000Z,1988-06-24T00:00:00.000Z,39.0111,39.1928,-96.6075,-96.5197,"POLYGON ((-96.5197 39.0111, -96.5197 39.1928, -96.6075 39.1928, -96.6075 39.0111, -96.5197 39.0111))"
granule,G1422714890-ORNL_DAAC,FIFE_OT_STAFF.8177xetl.ots,ORNL_DAAC,1,2017-09-28T15:55:02Z,1994-07-24T00:00:00.000Z,FIFE_OT_STAFF_66,FIFE_OT_STAFF.8177xetl.ots,0.004749,,Both,1988-06-25T00:00:00.000Z,1988-06-25T00:00:00.000Z,39.0111,39.1928,-96.6075,-96.5197,"POLYGON ((-96.5197 39.0111, -96.5197 39.1928, -96.6075 39.1928, -96.6075 39.0111, -96.5197 39.0111))"
granule,G1422715771-ORNL_DAAC,FIFE_OT_STAFF.8178xetl.ots,ORNL_DAAC,1,2017-09-28T15:55:26Z,1994-07-24T00:00:00.000Z,FIFE_OT_STAFF_66,FIFE_OT_STAFF.8178xetl.ots,0.004204,,Both,1988-06-26T00:00:00.000Z,1988-06-26T00:00:00.000Z,39.0111,39.1928,-96.6075,-96.5197,"POLYGON ((-96.5197 39.0111, -96.5197 39.1928, -96.6075 39.1928, -96.6075 39.0111, -96.5197 39.0111))"
granule,G1422715921-ORNL_DAAC,FIFE_OT_STAFF.8179xetl.ots,ORNL_DAAC,1,2017-09-28T15:56:26Z,1994-07-24T00:00:00.000Z,FIFE_OT_STAFF_66,FIFE_OT_STAFF.8179xetl.ots,0.005259,,Both,1988-06-27T00:00:00.000Z,1988-06-27T00:00:00.000Z,39.0111,39.1928,-96.6075,-96.5197,"POLYGON ((-96.5197 39.0111, -96.5197 39.1928, -96.6075 39.1928, -96.6075 39.0111, -96.5197 39.0111))"
granule,G1422715182-ORNL_DAAC,FIFE_OT_STAFF.8180xetl.ots,ORNL_DAAC,1,2017-09-28T15:55:08Z,1994-07-24T00:00:00.000Z,FIFE_OT_STAFF_66,FIFE_OT_STAFF.8180xetl.ots,0.002603,,Both,1988-06-28T00:00:00.000Z,1988-06-28T00:00:00.000Z,39.0111,39.1928,-96.6075,-96.5197,"POLYGON ((-96.5197 39.0111, -96.5197 39.1928, -96.6075 39.1928, -96.6075 39.0111, -96.5197 39.0111))"
granule,G1422715882-ORNL_DAAC,FIFE_OT_STAFF.8187xetl.ots,ORNL_DAAC,1,2017-09-28T15:56:12Z,1994-07-24T00:00:00.000Z,FIFE_OT_STAFF_66,FIFE_OT_STAFF.8187xetl.ots,0.004206,,Both,1988-07-05T00:00:00.000Z,1988-07-05T00:00:00.000Z,39.0111,39.1928,-96.6075,-96.5197,"POLYGON ((-96.5197 39.0111, -96.5197 39.1928, -96.6075 39.1928, -96.6075 39.0111, -96.5197 39.0111))"
granule,G1422714536-ORNL_DAAC,FIFE_OT_STAFF.8188xetl.ots,ORNL_DAAC,1,2017-09-28T15:54:46Z,1994-07-24T00:00:00.000Z,FIFE_OT_STAFF_66,FIFE_OT_STAFF.8188xetl.ots,0.003678,,Both,1988-07-06T00:00:00.000Z,1988-07-06T00:00:00.000Z,39.0111,39.1928,-96.6075,-96.5197,"POLYGON ((-96.5197 39.0111, -96.5197 39.1928, -96.6075 39.1928, -96.6075 39.0111, -96.5197 39.0111))"
granule,G1422715838-ORNL_DAAC,FIFE_OT_STAFF.8189xetl.ots,ORNL_DAAC,1,2017-09-28T15:55:57Z,1994-07-24T00:00:00.000Z,FIFE_OT_STAFF_66,FIFE_OT_STAFF.8189xetl.ots,0.00531,,Both,1988-07-07T00:00:00.000Z,1988-07-07T00:00:00.000Z,39.0111,39.1928,-96.6075,-96.5197,"POLYGON ((-96.5197 39.0111, -96.5197 39.1928, -96.6075 39.1928, -96.6075 39.0111, -96.5197 39.0111))"
granule,G1422714997-ORNL_DAAC,FIFE_OT_STAFF.8190xetl.ots,ORNL_DAAC,1,2017-09-28T15:55:04Z,1994-07-24T00:00:00.000Z,FIFE_OT_STAFF_66,FIFE_OT_STAFF.8190xetl.ots,0.003153,,Both,1988-07-08T00:00:00.000Z,1988-07-08T00:00:00.000Z,39.0111,39.1928,-96.6075,-96.5197,"POLYGON ((-96.5197 39.0111, -96.5197 39.1928, -96.6075 39.1928, -96.6075 39.0111, -96.5197 39.0111))"
granule,G1422714813-ORNL_DAAC,FIFE_OT_STAFF.8193xetl.ots,ORNL_DAAC,1,2017-09-28T15:55:01Z,1994-07-24T00:00:00.000Z,FIFE_OT_STAFF_66,FIFE_OT_STAFF.8193xetl.ots,0.002591,,Both,1988-07-11T00:00:00.000Z,1988-07-11T00:00:00.000Z,39.0111,39.1928,-96.6075,-96.5197,"POLYGON ((-96.5197 39.0111, -96.5197 39.1928, -96.6075 39.1928, -96.6075 39.0111, -96.5197 39.0111))"
granule,G1422715895-ORNL_DAAC,FIFE_OT_STAFF.8195xetl.ots,ORNL_DAAC,1,2017-09-28T15:56:15Z,1994-07-24T00:00:00.000Z,FIFE_OT_STAFF_66,FIFE_OT_STAFF.8195xetl.ots,0.003159,,Both,1988-07-13T00:00:00.000Z,1988-07-13T00:00:00.000Z,39.0111,39.1928,-96.6075,-96.5197,"POLYGON ((-96.5197 39.0111, -96.5197 39.1928, -96.6075 39.1928, -96.6075 39.0111, -96.5197 39.0111))"
granule,G1422715817-ORNL_DAAC,FIFE_OT_STAFF.8197xetl.ots,ORNL_DAAC,1,2017-09-28T15:55:48Z,1994-07-24T00:00:00.000Z,FIFE_OT_STAFF_66,FIFE_OT_STAFF.8197xetl.ots,0.002598,,Both,1988-07-15T00:00:00.000Z,1988-07-15T00:00:00.000Z,39.0111,39.1928,-96.6075,-96.5197,"POLYGON ((-96.5197 39.0111, -96.5197 39.1928, -96.6075 39.1928, -96.6075 39.0111, -96.5197 39.0111))"
granule,G1422714524-ORNL_DAAC,FIFE_OT_STAFF.8200xetl.ots,ORNL_DAAC,1,2017-09-28T15:54:41Z,1994-07-24T00:00:00.000Z,FIFE_OT_STAFF_66,FIFE_OT_STAFF.8200xetl.ots,0.002608,,Both,1988-07-18T00:00:00.000Z,1988-07-18T00:00:00.000Z,39.0111,39.1928,-96.6075,-96.5197,"POLYGON ((-96.5197 39.0111, -96.5197 39.1928, -96.6075 39.1928, -96.6075 39.0111, -96.5197 39.0111))"
granule,G1422715754-ORNL_DAAC,FIFE_OT_STAFF.8202xetl.ots,ORNL_DAAC,1,2017-09-28T15:55:18Z,1994-07-24T00:00:00.000Z,FIFE_OT_STAFF_66,FIFE_OT_STAFF.8202xetl.ots,0.004818,,Both,1988-07-20T00:00:00.000Z,1988-07-20T00:00:00.000Z,39.0111,39.1928,-96.6075,-96.5197,"POLYGON ((-96.5197 39.0111, -96.5197 39.1928, -96.6075 39.1928, -96.6075 39.0111, -96.5197 39.0111))"
granule,G1422715881-ORNL_DAAC,FIFE_OT_STAFF.8203xetl.ots,ORNL_DAAC,1,2017-09-28T15:56:12Z,1994-07-24T00:00:00.000Z,FIFE_OT_STAFF_66,FIFE_OT_STAFF.8203xetl.ots,0.007005,,Both,1988-07-21T00:00:00.000Z,1988-07-21T00:00:00.000Z,39.0111,39.1928,-96.6075,-96.5197,"POLYGON ((-96.5197 39.0111, -96.5197 39.1928, -96.6075 39.1928, -96.6075 39.0111, -96.5197 39.0111))"
granule,G1422714549-ORNL_DAAC,FIFE_OT_STAFF.8204xetl.ots,ORNL_DAAC,1,2017-09-28T15:54:52Z,1994-07-24T00:00:00.000Z,FIFE_OT_STAFF_66,FIFE_OT_STAFF.8204xetl.ots,0.002599,,Both,1988-07-22T00:00:00.000Z,1988-07-22T00:00:00.000Z,39.0111,39.1928,-96.6075,-96.5197,"POLYGON ((-96.5197 39.0111, -96.5197 39.1928, -96.6075 39.1928, -96.6075 39.0111, -96.5197 39.0111))"
granule,G1422715782-ORNL_DAAC,FIFE_OT_STAFF.8205xetl.ots,ORNL_DAAC,1,2017-09-28T15:55:31Z,1994-07-24T00:00:00.000Z,FIFE_OT_STAFF_66,FIFE_OT_STAFF.8205xetl.ots,0.004209,,Both,1988-07-23T00:00:00.000Z,1988-07-23T00:00:00.000Z,39.0111,39.1928,-96.6075,-96.5197,"POLYGON ((-96.5197 39.0111, -96.5197 39.1928, -96.6075 39.1928, -96.6075 39.0111, -96.5197 39.0111))"
granule,G1422715783-ORNL_DAAC,FIFE_OT_STAFF.8206xetl.ots,ORNL_DAAC,1,2017-09-28T15:55:32Z,1994-07-24T00:00:00.000Z,FIFE_OT_STAFF_66,FIFE_OT_STAFF.8206xetl.ots,0.002047,,Both,1988-07-24T00:00:00.000Z,1988-07-24T00:00:00.000Z,39.0111,39.1928,-96.6075,-96.5197,"POLYGON ((-96.5197 39.0111, -96.5197 39.1928, -96.6075 39.1928, -96.6075 39.0111, -96.5197 39.0111))"
granule,G1422715904-ORNL_DAAC,FIFE_OT_STAFF.8207xetl.ots,ORNL_DAAC,1,2017-09-28T15:56:19Z,1994-07-24T00:00:00.000Z,FIFE_OT_STAFF_66,FIFE_OT_STAFF.8207xetl.ots,0.004775,,Both,1988-07-25T00:00:00.000Z,1988-07-25T00:00:00.000Z,39.0111,39.1928,-96.6075,-96.5197,"POLYGON ((-96.5197 39.0111, -96.5197 39.1928, -96.6075 39.1928, -96.6075 39.0111, -96.5197 39.0111))"
granule,G1422715860-ORNL_DAAC,FIFE_OT_STAFF.8209xetl.ots,ORNL_DAAC,1,2017-09-28T15:56:07Z,1994-07-24T00:00:00.000Z,FIFE_OT_STAFF_66,FIFE_OT_STAFF.8209xetl.ots,0.004776,,Both,1988-07-27T00:00:00.000Z,1988-07-27T00:00:00.000Z,39.0111,39.1928,-96.6075,-96.5197,"POLYGON ((-96.5197 39.0111, -96.5197 39.1928, -96.6075 39.1928, -96.6075 39.0111, -96.5197 39.0111))"
granule,G1422715720-ORNL_DAAC,FIFE_OT_STAFF.8213xetl.ots,ORNL_DAAC,1,2017-09-28T15:55:15Z,1994-07-24T00:00:00.000Z,FIFE_OT_STAFF_66,FIFE_OT_STAFF.8213xetl.ots,0.004755,,Both,1988-07-31T00:00:00.000Z,1988-07-31T00:00:00.000Z,39.0111,39.1928,-96.6075,-96.5197,"POLYGON ((-96.5197 39.0111, -96.5197 39.1928, -96.6075 39.1928, -96.6075 39.0111, -96.5197 39.0111))"
granule,G1422715150-ORNL_DAAC,FIFE_OT_STAFF.8214xetl.ots,ORNL_DAAC,1,2017-09-28T15:55:07Z,1994-07-24T00:00:00.000Z,FIFE_OT_STAFF_66,FIFE_OT_STAFF.8214xetl.ots,0.010776,,Both,1988-08-01T00:00:00.000Z,1988-08-01T00:00:00.000Z,39.0111,39.1928,-96.6075,-96.5197,"POLYGON ((-96.5197 39.0111, -96.5197 39.1928, -96.6075 39.1928, -96.6075 39.0111, -96.5197 39.0111))"
granule,G1422715850-ORNL_DAAC,FIFE_OT_STAFF.8215xetl.ots,ORNL_DAAC,1,2017-09-28T15:56:02Z,1994-07-24T00:00:00.000Z,FIFE_OT_STAFF_66,FIFE_OT_STAFF.8215xetl.ots,0.002623,,Both,1988-08-02T00:00:00.000Z,1988-08-02T00:00:00.000Z,39.0111,39.1928,-96.6075,-96.5197,"POLYGON ((-96.5197 39.0111, -96.5197 39.1928, -96.6075 39.1928, -96.6075 39.0111, -96.5197 39.0111))"
granule,G1422715765-ORNL_DAAC,FIFE_OT_STAFF.8216xetl.ots,ORNL_DAAC,1,2017-09-28T15:55:24Z,1994-07-24T00:00:00.000Z,FIFE_OT_STAFF_66,FIFE_OT_STAFF.8216xetl.ots,0.003766,,Both,1988-08-03T00:00:00.000Z,1988-08-03T00:00:00.000Z,39.0111,39.1928,-96.6075,-96.5197,"POLYGON ((-96.5197 39.0111, -96.5197 39.1928, -96.6075 39.1928, -96.6075 39.0111, -96.5197 39.0111))"
granule,G1422715808-ORNL_DAAC,FIFE_OT_STAFF.8218xetl.ots,ORNL_DAAC,1,2017-09-28T15:55:45Z,1994-07-24T00:00:00.000Z,FIFE_OT_STAFF_66,FIFE_OT_STAFF.8218xetl.ots,0.005882,,Both,1988-08-05T00:00:00.000Z,1988-08-05T00:00:00.000Z,39.0111,39.1928,-96.6075,-96.5197,"POLYGON ((-96.5197 39.0111, -96.5197 39.1928, -96.6075 39.1928, -96.6075 39.0111, -96.5197 39.0111))"
granule,G1422715908-ORNL_DAAC,FIFE_OT_STAFF.8223xetl.ots,ORNL_DAAC,1,2017-09-28T15:56:20Z,1994-07-24T00:00:00.000Z,FIFE_OT_STAFF_66,FIFE_OT_STAFF.8223xetl.ots,0.003725,,Both,1988-08-10T00:00:00.000Z,1988-08-10T00:00:00.000Z,39.0111,39.1928,-96.6075,-96.5197,"POLYGON ((-96.5197 39.0111, -96.5197 39.1928, -96.6075 39.1928, -96.6075 39.0111, -96.5197 39.0111))"
granule,G1422714955-ORNL_DAAC,FIFE_OT_STAFF.8224xetl.ots,ORNL_DAAC,1,2017-09-28T15:55:04Z,1994-07-24T00:00:00.000Z,FIFE_OT_STAFF_66,FIFE_OT_STAFF.8224xetl.ots,0.010231,,Both,1988-08-11T00:00:00.000Z,1988-08-11T00:00:00.000Z,39.0111,39.1928,-96.6075,-96.5197,"POLYGON ((-96.5197 39.0111, -96.5197 39.1928, -96.6075 39.1928, -96.6075 39.0111, -96.5197 39.0111))"
granule,G1422715758-ORNL_DAAC,FIFE_OT_STAFF.8227xetl.ots,ORNL_DAAC,1,2017-09-28T15:55:20Z,1994-07-24T00:00:00.000Z,FIFE_OT_STAFF_66,FIFE_OT_STAFF.8227xetl.ots,0.003698,,Both,1988-08-14T00:00:00.000Z,1988-08-14T00:00:00.000Z,39.0111,39.1928,-96.6075,-96.5197,"POLYGON ((-96.5197 39.0111, -96.5197 39.1928, -96.6075 39.1928, -96.6075 39.0111, -96.5197 39.0111))"
granule,G1422715916-ORNL_DAAC,FIFE_OT_STAFF.8228xetl.ots,ORNL_DAAC,1,2017-09-28T15:56:23Z,1994-07-24T00:00:00.000Z,FIFE_OT_STAFF_66,FIFE_OT_STAFF.8228xetl.ots,0.003713,,Both,1988-08-15T00:00:00.000Z,1988-08-15T00:00:00.000Z,39.0111,39.1928,-96.6075,-96.5197,"POLYGON ((-96.5197 39.0111, -96.5197 39.1928, -96.6075 39.1928, -96.6075 39.0111, -96.5197 39.0111))"
granule,G1422715763-ORNL_DAAC,FIFE_OT_STAFF.8229xetl.ots,ORNL_DAAC,1,2017-09-28T15:55:23Z,1994-07-24T00:00:00.000Z,FIFE_OT_STAFF_66,FIFE_OT_STAFF.8229xetl.ots,0.006993,,Both,1988-08-16T00:00:00.000Z,1988-08-16T00:00:00.000Z,39.0111,39.1928,-96.6075,-96.5197,"POLYGON ((-96.5197 39.0111, -96.5197 39.1928, -96.6075 39.1928, -96.6075 39.0111, -96.5197 39.0111))"
granule,G1422715265-ORNL_DAAC,FIFE_OT_STAFF.8230xetl.ots,ORNL_DAAC,1,2017-09-28T15:55:09Z,1994-07-24T00:00:00.000Z,FIFE_OT_STAFF_66,FIFE_OT_STAFF.8230xetl.ots,0.010242,,Both,1988-08-17T00:00:00.000Z,1988-08-17T00:00:00.000Z,39.0111,39.1928,-96.6075,-96.5197,"POLYGON ((-96.5197 39.0111, -96.5197 39.1928, -96.6075 39.1928, -96.6075 39.0111, -96.5197 39.0111))"
granule,G1422715863-ORNL_DAAC,FIFE_OT_STAFF.8231xetl.ots,ORNL_DAAC,1,2017-09-28T15:56:08Z,1994-07-24T00:00:00.000Z,FIFE_OT_STAFF_66,FIFE_OT_STAFF.8231xetl.ots,0.00369,,Both,1988-08-18T00:00:00.000Z,1988-08-18T00:00:00.000Z,39.0111,39.1928,-96.6075,-96.5197,"POLYGON ((-96.5197 39.0111, -96.5197 39.1928, -96.6075 39.1928, -96.6075 39.0111, -96.5197 39.0111))"
granule,G1422715766-ORNL_DAAC,FIFE_OT_STAFF.8233xetl.ots,ORNL_DAAC,1,2017-09-28T15:55:24Z,1994-07-24T00:00:00.000Z,FIFE_OT_STAFF_66,FIFE_OT_STAFF.8233xetl.ots,0.006911,,Both,1988-08-20T00:00:00.000Z,1988-08-20T00:00:00.000Z,39.0111,39.1928,-96.6075,-96.5197,"POLYGON ((-96.5197 39.0111, -96.5197 39.1928, -96.6075 39.1928, -96.6075 39.0111, -96.5197 39.0111))"
granule,G1422715761-ORNL_DAAC,FIFE_OT_STAFF.8234xetl.ots,ORNL_DAAC,1,2017-09-28T15:55:22Z,1994-07-24T00:00:00.000Z,FIFE_OT_STAFF_66,FIFE_OT_STAFF.8234xetl.ots,0.006912,,Both,1988-08-21T00:00:00.000Z,1988-08-21T00:00:00.000Z,39.0111,39.1928,-96.6075,-96.5197,"POLYGON ((-96.5197 39.0111, -96.5197 39.1928, -96.6075 39.1928, -96.6075 39.0111, -96.5197 39.0111))"
granule,G1422714573-ORNL_DAAC,FIFE_OT_STAFF.8235xetl.ots,ORNL_DAAC,1,2017-09-28T15:54:52Z,1994-07-24T00:00:00.000Z,FIFE_OT_STAFF_66,FIFE_OT_STAFF.8235xetl.ots,0.003766,,Both,1988-08-22T00:00:00.000Z,1988-08-22T00:00:00.000Z,39.0111,39.1928,-96.6075,-96.5197,"POLYGON ((-96.5197 39.0111, -96.5197 39.1928, -96.6075 39.1928, -96.6075 39.0111, -96.5197 39.0111))"
granule,G1422715901-ORNL_DAAC,FIFE_OT_STAFF.8236xetl.ots,ORNL_DAAC,1,2017-09-28T15:56:17Z,1994-07-24T00:00:00.000Z,FIFE_OT_STAFF_66,FIFE_OT_STAFF.8236xetl.ots,0.003679,,Both,1988-08-23T00:00:00.000Z,1988-08-23T00:00:00.000Z,39.0111,39.1928,-96.6075,-96.5197,"POLYGON ((-96.5197 39.0111, -96.5197 39.1928, -96.6075 39.1928, -96.6075 39.0111, -96.5197 39.0111))"
granule,G1422714728-ORNL_DAAC,FIFE_OT_STAFF.8237xetl.ots,ORNL_DAAC,1,2017-09-28T15:54:59Z,1994-07-24T00:00:00.000Z,FIFE_OT_STAFF_66,FIFE_OT_STAFF.8237xetl.ots,0.006974,,Both,1988-08-24T00:00:00.000Z,1988-08-24T00:00:00.000Z,39.0111,39.1928,-96.6075,-96.5197,"POLYGON ((-96.5197 39.0111, -96.5197 39.1928, -96.6075 39.1928, -96.6075 39.0111, -96.5197 39.0111))"
granule,G1422715873-ORNL_DAAC,FIFE_OT_STAFF.8238xetl.ots,ORNL_DAAC,1,2017-09-28T15:56:10Z,1994-07-24T00:00:00.000Z,FIFE_OT_STAFF_66,FIFE_OT_STAFF.8238xetl.ots,0.010263,,Both,1988-08-25T00:00:00.000Z,1988-08-25T00:00:00.000Z,39.0111,39.1928,-96.6075,-96.5197,"POLYGON ((-96.5197 39.0111, -96.5197 39.1928, -96.6075 39.1928, -96.6075 39.0111, -96.5197 39.0111))"
granule,G1422715779-ORNL_DAAC,FIFE_OT_STAFF.8239xetl.ots,ORNL_DAAC,1,2017-09-28T15:55:30Z,1994-07-24T00:00:00.000Z,FIFE_OT_STAFF_66,FIFE_OT_STAFF.8239xetl.ots,0.003673,,Both,1988-08-26T00:00:00.000Z,1988-08-26T00:00:00.000Z,39.0111,39.1928,-96.6075,-96.5197,"POLYGON ((-96.5197 39.0111, -96.5197 39.1928, -96.6075 39.1928, -96.6075 39.0111, -96.5197 39.0111))"
granule,G1422714530-ORNL_DAAC,FIFE_OT_STAFF.8241xetl.ots,ORNL_DAAC,1,2017-09-28T15:54:44Z,1994-07-24T00:00:00.000Z,FIFE_OT_STAFF_66,FIFE_OT_STAFF.8241xetl.ots,0.003649,,Both,1988-08-28T00:00:00.000Z,1988-08-28T00:00:00.000Z,39.0111,39.1928,-96.6075,-96.5197,"POLYGON ((-96.5197 39.0111, -96.5197 39.1928, -96.6075 39.1928, -96.6075 39.0111, -96.5197 39.0111))"
granule,G1422714868-ORNL_DAAC,FIFE_OT_STAFF.8242xetl.ots,ORNL_DAAC,1,2017-09-28T15:55:02Z,1994-07-24T00:00:00.000Z,FIFE_OT_STAFF_66,FIFE_OT_STAFF.8242xetl.ots,0.002052,,Both,1988-08-29T00:00:00.000Z,1988-08-29T00:00:00.000Z,39.0111,39.1928,-96.6075,-96.5197,"POLYGON ((-96.5197 39.0111, -96.5197 39.1928, -96.6075 39.1928, -96.6075 39.0111, -96.5197 39.0111))"
granule,G1422715894-ORNL_DAAC,FIFE_OT_STAFF.8243xetl.ots,ORNL_DAAC,1,2017-09-28T15:56:14Z,1994-07-24T00:00:00.000Z,FIFE_OT_STAFF_66,FIFE_OT_STAFF.8243xetl.ots,0.003667,,Both,1988-08-30T00:00:00.000Z,1988-08-30T00:00:00.000Z,39.0111,39.1928,-96.6075,-96.5197,"POLYGON ((-96.5197 39.0111, -96.5197 39.1928, -96.6075 39.1928, -96.6075 39.0111, -96.5197 39.0111))"
granule,G1422714548-ORNL_DAAC,FIFE_OT_STAFF.8244xetl.ots,ORNL_DAAC,1,2017-09-28T15:54:51Z,1994-07-24T00:00:00.000Z,FIFE_OT_STAFF_66,FIFE_OT_STAFF.8244xetl.ots,0.003702,,Both,1988-08-31T00:00:00.000Z,1988-08-31T00:00:00.000Z,39.0111,39.1928,-96.6075,-96.5197,"POLYGON ((-96.5197 39.0111, -96.5197 39.1928, -96.6075 39.1928, -96.6075 39.0111, -96.5197 39.0111))"
granule,G1422715824-ORNL_DAAC,FIFE_OT_STAFF.8247xetl.ots,ORNL_DAAC,1,2017-09-28T15:55:51Z,1994-07-24T00:00:00.000Z,FIFE_OT_STAFF_66,FIFE_OT_STAFF.8247xetl.ots,0.003673,,Both,1988-09-03T00:00:00.000Z,1988-09-03T00:00:00.000Z,39.0111,39.1928,-96.6075,-96.5197,"POLYGON ((-96.5197 39.0111, -96.5197 39.1928, -96.6075 39.1928, -96.6075 39.0111, -96.5197 39.0111))"
granule,G1422715865-ORNL_DAAC,FIFE_OT_STAFF.8248xetl.ots,ORNL_DAAC,1,2017-09-28T15:56:09Z,1994-07-24T00:00:00.000Z,FIFE_OT_STAFF_66,FIFE_OT_STAFF.8248xetl.ots,0.007003,,Both,1988-09-04T00:00:00.000Z,1988-09-04T00:00:00.000Z,39.0111,39.1928,-96.6075,-96.5197,"POLYGON ((-96.5197 39.0111, -96.5197 39.1928, -96.6075 39.1928, -96.6075 39.0111, -96.5197 39.0111))"
granule,G1422715884-ORNL_DAAC,FIFE_OT_STAFF.8249xetl.ots,ORNL_DAAC,1,2017-09-28T15:56:13Z,1994-07-24T00:00:00.000Z,FIFE_OT_STAFF_66,FIFE_OT_STAFF.8249xetl.ots,0.006975,,Both,1988-09-05T00:00:00.000Z,1988-09-05T00:00:00.000Z,39.0111,39.1928,-96.6075,-96.5197,"POLYGON ((-96.5197 39.0111, -96.5197 39.1928, -96.6075 39.1928, -96.6075 39.0111, -96.5197 39.0111))"
granule,G1422715092-ORNL_DAAC,FIFE_OT_STAFF.82501609.ots,ORNL_DAAC,1,2017-09-28T15:55:06Z,1994-07-24T00:00:00.000Z,FIFE_OT_STAFF_66,FIFE_OT_STAFF.82501609.ots,0.00378,,Both,1988-09-06T00:00:00.000Z,1988-09-06T00:00:00.000Z,39.0111,39.1928,-96.6075,-96.5197,"POLYGON ((-96.5197 39.0111, -96.5197 39.1928, -96.6075 39.1928, -96.6075 39.0111, -96.5197 39.0111))"
granule,G1422715919-ORNL_DAAC,FIFE_OT_STAFF.8250xetl.ots,ORNL_DAAC,1,2017-09-28T15:56:25Z,1994-07-24T00:00:00.000Z,FIFE_OT_STAFF_66,FIFE_OT_STAFF.8250xetl.ots,0.006975,,Both,1988-09-06T00:00:00.000Z,1988-09-06T00:00:00.000Z,39.0111,39.1928,-96.6075,-96.5197,"POLYGON ((-96.5197 39.0111, -96.5197 39.1928, -96.6075 39.1928, -96.6075 39.0111, -96.5197 39.0111))"
granule,G1422715764-ORNL_DAAC,FIFE_OT_STAFF.8251xetl.ots,ORNL_DAAC,1,2017-09-28T15:55:23Z,1994-07-24T00:00:00.000Z,FIFE_OT_STAFF_66,FIFE_OT_STAFF.8251xetl.ots,0.003669,,Both,1988-09-07T00:00:00.000Z,1988-09-07T00:00:00.000Z,39.0111,39.1928,-96.6075,-96.5197,"POLYGON ((-96.5197 39.0111, -96.5197 39.1928, -96.6075 39.1928, -96.6075 39.0111, -96.5197 39.0111))"
granule,G1422714546-ORNL_DAAC,FIFE_OT_STAFF.8253xetl.ots,ORNL_DAAC,1,2017-09-28T15:54:50Z,1994-07-24T00:00:00.000Z,FIFE_OT_STAFF_66,FIFE_OT_STAFF.8253xetl.ots,0.002054,,Both,1988-09-09T00:00:00.000Z,1988-09-09T00:00:00.000Z,39.0111,39.1928,-96.6075,-96.5197,"POLYGON ((-96.5197 39.0111, -96.5197 39.1928, -96.6075 39.1928, -96.6075 39.0111, -96.5197 39.0111))"
granule,G1422715480-ORNL_DAAC,FIFE_OT_STAFF.8254xetl.ots,ORNL_DAAC,1,2017-09-28T15:55:12Z,1994-07-24T00:00:00.000Z,FIFE_OT_STAFF_66,FIFE_OT_STAFF.8254xetl.ots,0.009039,,Both,1988-09-10T00:00:00.000Z,1988-09-10T00:00:00.000Z,39.0111,39.1928,-96.6075,-96.5197,"POLYGON ((-96.5197 39.0111, -96.5197 39.1928, -96.6075 39.1928, -96.6075 39.0111, -96.5197 39.0111))"
granule,G1422715589-ORNL_DAAC,FIFE_OT_STAFF.8255xetl.ots,ORNL_DAAC,1,2017-09-28T15:55:14Z,1994-07-24T00:00:00.000Z,FIFE_OT_STAFF_66,FIFE_OT_STAFF.8255xetl.ots,0.004755,,Both,1988-09-11T00:00:00.000Z,1988-09-11T00:00:00.000Z,39.0111,39.1928,-96.6075,-96.5197,"POLYGON ((-96.5197 39.0111, -96.5197 39.1928, -96.6075 39.1928, -96.6075 39.0111, -96.5197 39.0111))"
granule,G1422715830-ORNL_DAAC,FIFE_OT_STAFF.8263xetl.ots,ORNL_DAAC,1,2017-09-28T15:55:53Z,1994-07-24T00:00:00.000Z,FIFE_OT_STAFF_66,FIFE_OT_STAFF.8263xetl.ots,0.004819,,Both,1988-09-19T00:00:00.000Z,1988-09-19T00:00:00.000Z,39.0111,39.1928,-96.6075,-96.5197,"POLYGON ((-96.5197 39.0111, -96.5197 39.1928, -96.6075 39.1928, -96.6075 39.0111, -96.5197 39.0111))"
granule,G1422715759-ORNL_DAAC,FIFE_OT_STAFF.82640847.ots,ORNL_DAAC,1,2017-09-28T15:55:21Z,1994-07-24T00:00:00.000Z,FIFE_OT_STAFF_66,FIFE_OT_STAFF.82640847.ots,0.002641,,Both,1988-09-20T00:00:00.000Z,1988-09-20T00:00:00.000Z,39.0111,39.1928,-96.6075,-96.5197,"POLYGON ((-96.5197 39.0111, -96.5197 39.1928, -96.6075 39.1928, -96.6075 39.0111, -96.5197 39.0111))"
granule,G1422715798-ORNL_DAAC,FIFE_OT_STAFF.8264xetl.ots,ORNL_DAAC,1,2017-09-28T15:55:39Z,1994-07-24T00:00:00.000Z,FIFE_OT_STAFF_66,FIFE_OT_STAFF.8264xetl.ots,0.002654,,Both,1988-09-20T00:00:00.000Z,1988-09-20T00:00:00.000Z,39.0111,39.1928,-96.6075,-96.5197,"POLYGON ((-96.5197 39.0111, -96.5197 39.1928, -96.6075 39.1928, -96.6075 39.0111, -96.5197 39.0111))"
granule,G1422715746-ORNL_DAAC,FIFE_OT_STAFF.8266xetl.ots,ORNL_DAAC,1,2017-09-28T15:55:16Z,1994-07-24T00:00:00.000Z,FIFE_OT_STAFF_66,FIFE_OT_STAFF.8266xetl.ots,0.0026,,Both,1988-09-22T00:00:00.000Z,1988-09-22T00:00:00.000Z,39.0111,39.1928,-96.6075,-96.5197,"POLYGON ((-96.5197 39.0111, -96.5197 39.1928, -96.6075 39.1928, -96.6075 39.0111, -96.5197 39.0111))"
granule,G1422715804-ORNL_DAAC,FIFE_OT_STAFF.8268xetl.ots,ORNL_DAAC,1,2017-09-28T15:55:42Z,1994-07-24T00:00:00.000Z,FIFE_OT_STAFF_66,FIFE_OT_STAFF.8268xetl.ots,0.004759,,Both,1988-09-24T00:00:00.000Z,1988-09-24T00:00:00.000Z,39.0111,39.1928,-96.6075,-96.5197,"POLYGON ((-96.5197 39.0111, -96.5197 39.1928, -96.6075 39.1928, -96.6075 39.0111, -96.5197 39.0111))"
granule,G1422715854-ORNL_DAAC,FIFE_OT_STAFF.8269xetl.ots,ORNL_DAAC,1,2017-09-28T15:56:04Z,1994-07-24T00:00:00.000Z,FIFE_OT_STAFF_66,FIFE_OT_STAFF.8269xetl.ots,0.004796,,Both,1988-09-25T00:00:00.000Z,1988-09-25T00:00:00.000Z,39.0111,39.1928,-96.6075,-96.5197,"POLYGON ((-96.5197 39.0111, -96.5197 39.1928, -96.6075 39.1928, -96.6075 39.0111, -96.5197 39.0111))"
granule,G1422715903-ORNL_DAAC,FIFE_OT_STAFF.8270xetl.ots,ORNL_DAAC,1,2017-09-28T15:56:18Z,1994-07-24T00:00:00.000Z,FIFE_OT_STAFF_66,FIFE_OT_STAFF.8270xetl.ots,0.006944,,Both,1988-09-26T00:00:00.000Z,1988-09-26T00:00:00.000Z,39.0111,39.1928,-96.6075,-96.5197,"POLYGON ((-96.5197 39.0111, -96.5197 39.1928, -96.6075 39.1928, -96.6075 39.0111, -96.5197 39.0111))"
granule,G1422715871-ORNL_DAAC,FIFE_OT_STAFF.91664439.ots,ORNL_DAAC,1,2017-09-28T15:56:10Z,1994-07-24T00:00:00.000Z,FIFE_OT_STAFF_66,FIFE_OT_STAFF.91664439.ots,0.002613,,Both,1989-06-15T00:00:00.000Z,1989-06-15T00:00:00.000Z,39.0111,39.1928,-96.6075,-96.5197,"POLYGON ((-96.5197 39.0111, -96.5197 39.1928, -96.6075 39.1928, -96.6075 39.0111, -96.5197 39.0111))"
granule,G1422715880-ORNL_DAAC,FIFE_OT_STAFF.9167xetl.ots,ORNL_DAAC,1,2017-09-28T15:56:12Z,1994-07-24T00:00:00.000Z,FIFE_OT_STAFF_66,FIFE_OT_STAFF.9167xetl.ots,0.00473,,Both,1989-06-16T00:00:00.000Z,1989-06-16T00:00:00.000Z,39.0111,39.1928,-96.6075,-96.5197,"POLYGON ((-96.5197 39.0111, -96.5197 39.1928, -96.6075 39.1928, -96.6075 39.0111, -96.5197 39.0111))"
granule,G1422715211-ORNL_DAAC,FIFE_OT_STAFF.9169xetl.ots,ORNL_DAAC,1,2017-09-28T15:55:08Z,1994-07-24T00:00:00.000Z,FIFE_OT_STAFF_66,FIFE_OT_STAFF.9169xetl.ots,0.004731,,Both,1989-06-18T00:00:00.000Z,1989-06-18T00:00:00.000Z,39.0111,39.1928,-96.6075,-96.5197,"POLYGON ((-96.5197 39.0111, -96.5197 39.1928, -96.6075 39.1928, -96.6075 39.0111, -96.5197 39.0111))"
granule,G1422715920-ORNL_DAAC,FIFE_OT_STAFF.9170xetl.ots,ORNL_DAAC,1,2017-09-28T15:56:25Z,1994-07-24T00:00:00.000Z,FIFE_OT_STAFF_66,FIFE_OT_STAFF.9170xetl.ots,0.002585,,Both,1989-06-19T00:00:00.000Z,1989-06-19T00:00:00.000Z,39.0111,39.1928,-96.6075,-96.5197,"POLYGON ((-96.5197 39.0111, -96.5197 39.1928, -96.6075 39.1928, -96.6075 39.0111, -96.5197 39.0111))"
granule,G1422715772-ORNL_DAAC,FIFE_OT_STAFF.9179xetl.ots,ORNL_DAAC,1,2017-09-28T15:55:27Z,1994-07-24T00:00:00.000Z,FIFE_OT_STAFF_66,FIFE_OT_STAFF.9179xetl.ots,0.00474,,Both,1989-06-28T00:00:00.000Z,1989-06-28T00:00:00.000Z,39.0111,39.1928,-96.6075,-96.5197,"POLYGON ((-96.5197 39.0111, -96.5197 39.1928, -96.6075 39.1928, -96.6075 39.0111, -96.5197 39.0111))"
granule,G1422715755-ORNL_DAAC,FIFE_OT_STAFF.9180xetl.ots,ORNL_DAAC,1,2017-09-28T15:55:19Z,1994-07-24T00:00:00.000Z,FIFE_OT_STAFF_66,FIFE_OT_STAFF.9180xetl.ots,0.002595,,Both,1989-06-29T00:00:00.000Z,1989-06-29T00:00:00.000Z,39.0111,39.1928,-96.6075,-96.5197,"POLYGON ((-96.5197 39.0111, -96.5197 39.1928, -96.6075 39.1928, -96.6075 39.0111, -96.5197 39.0111))"
granule,G1422715857-ORNL_DAAC,FIFE_OT_STAFF.9184xetl.ots,ORNL_DAAC,1,2017-09-28T15:56:05Z,1994-07-24T00:00:00.000Z,FIFE_OT_STAFF_66,FIFE_OT_STAFF.9184xetl.ots,0.002606,,Both,1989-07-03T00:00:00.000Z,1989-07-03T00:00:00.000Z,39.0111,39.1928,-96.6075,-96.5197,"POLYGON ((-96.5197 39.0111, -96.5197 39.1928, -96.6075 39.1928, -96.6075 39.0111, -96.5197 39.0111))"
granule,G1422714535-ORNL_DAAC,FIFE_OT_STAFF.9186xetl.ots,ORNL_DAAC,1,2017-09-28T15:54:46Z,1994-07-24T00:00:00.000Z,FIFE_OT_STAFF_66,FIFE_OT_STAFF.9186xetl.ots,0.004763,,Both,1989-07-05T00:00:00.000Z,1989-07-05T00:00:00.000Z,39.0111,39.1928,-96.6075,-96.5197,"POLYGON ((-96.5197 39.0111, -96.5197 39.1928, -96.6075 39.1928, -96.6075 39.0111, -96.5197 39.0111))"
granule,G1422715915-ORNL_DAAC,FIFE_OT_STAFF.9187xetl.ots,ORNL_DAAC,1,2017-09-28T15:56:23Z,1994-07-24T00:00:00.000Z,FIFE_OT_STAFF_66,FIFE_OT_STAFF.9187xetl.ots,0.002602,,Both,1989-07-06T00:00:00.000Z,1989-07-06T00:00:00.000Z,39.0111,39.1928,-96.6075,-96.5197,"POLYGON ((-96.5197 39.0111, -96.5197 39.1928, -96.6075 39.1928, -96.6075 39.0111, -96.5197 39.0111))"
granule,G1422715236-ORNL_DAAC,FIFE_OT_STAFF.9188xetl.ots,ORNL_DAAC,1,2017-09-28T15:55:09Z,1994-07-24T00:00:00.000Z,FIFE_OT_STAFF_66,FIFE_OT_STAFF.9188xetl.ots,0.002608,,Both,1989-07-07T00:00:00.000Z,1989-07-07T00:00:00.000Z,39.0111,39.1928,-96.6075,-96.5197,"POLYGON ((-96.5197 39.0111, -96.5197 39.1928, -96.6075 39.1928, -96.6075 39.0111, -96.5197 39.0111))"
granule,G1422715852-ORNL_DAAC,FIFE_OT_STAFF.9189xetl.ots,ORNL_DAAC,1,2017-09-28T15:56:03Z,1994-07-24T00:00:00.000Z,FIFE_OT_STAFF_66,FIFE_OT_STAFF.9189xetl.ots,0.004783,,Both,1989-07-08T00:00:00.000Z,1989-07-08T00:00:00.000Z,39.0111,39.1928,-96.6075,-96.5197,"POLYGON ((-96.5197 39.0111, -96.5197 39.1928, -96.6075 39.1928, -96.6075 39.0111, -96.5197 39.0111))"
granule,G1422715839-ORNL_DAAC,FIFE_OT_STAFF.9190xetl.ots,ORNL_DAAC,1,2017-09-28T15:55:57Z,1994-07-24T00:00:00.000Z,FIFE_OT_STAFF_66,FIFE_OT_STAFF.9190xetl.ots,0.004776,,Both,1989-07-09T00:00:00.000Z,1989-07-09T00:00:00.000Z,39.0111,39.1928,-96.6075,-96.5197,"POLYGON ((-96.5197 39.0111, -96.5197 39.1928, -96.6075 39.1928, -96.6075 39.0111, -96.5197 39.0111))"
granule,G1422714544-ORNL_DAAC,FIFE_OT_STAFF.9191xetl.ots,ORNL_DAAC,1,2017-09-28T15:54:49Z,1994-07-24T00:00:00.000Z,FIFE_OT_STAFF_66,FIFE_OT_STAFF.9191xetl.ots,0.002604,,Both,1989-07-10T00:00:00.000Z,1989-07-10T00:00:00.000Z,39.0111,39.1928,-96.6075,-96.5197,"POLYGON ((-96.5197 39.0111, -96.5197 39.1928, -96.6075 39.1928, -96.6075 39.0111, -96.5197 39.0111))"
granule,G1422715791-ORNL_DAAC,FIFE_OT_STAFF.9198xetl.ots,ORNL_DAAC,1,2017-09-28T15:55:35Z,1994-07-24T00:00:00.000Z,FIFE_OT_STAFF_66,FIFE_OT_STAFF.9198xetl.ots,0.002612,,Both,1989-07-17T00:00:00.000Z,1989-07-17T00:00:00.000Z,39.0111,39.1928,-96.6075,-96.5197,"POLYGON ((-96.5197 39.0111, -96.5197 39.1928, -96.6075 39.1928, -96.6075 39.0111, -96.5197 39.0111))"
granule,G1422715899-ORNL_DAAC,FIFE_OT_STAFF.9200xetl.ots,ORNL_DAAC,1,2017-09-28T15:56:16Z,1994-07-24T00:00:00.000Z,FIFE_OT_STAFF_66,FIFE_OT_STAFF.9200xetl.ots,0.004761,,Both,1989-07-19T00:00:00.000Z,1989-07-19T00:00:00.000Z,39.0111,39.1928,-96.6075,-96.5197,"POLYGON ((-96.5197 39.0111, -96.5197 39.1928, -96.6075 39.1928, -96.6075 39.0111, -96.5197 39.0111))"
granule,G1422715862-ORNL_DAAC,FIFE_OT_STAFF.9201xetl.ots,ORNL_DAAC,1,2017-09-28T15:56:08Z,1994-07-24T00:00:00.000Z,FIFE_OT_STAFF_66,FIFE_OT_STAFF.9201xetl.ots,0.006951,,Both,1989-07-20T00:00:00.000Z,1989-07-20T00:00:00.000Z,39.0111,39.1928,-96.6075,-96.5197,"POLYGON ((-96.5197 39.0111, -96.5197 39.1928, -96.6075 39.1928, -96.6075 39.0111, -96.5197 39.0111))"
granule,G1422715810-ORNL_DAAC,FIFE_OT_STAFF.9202xetl.ots,ORNL_DAAC,1,2017-09-28T15:55:46Z,1994-07-24T00:00:00.000Z,FIFE_OT_STAFF_66,FIFE_OT_STAFF.9202xetl.ots,0.002596,,Both,1989-07-21T00:00:00.000Z,1989-07-21T00:00:00.000Z,39.0111,39.1928,-96.6075,-96.5197,"POLYGON ((-96.5197 39.0111, -96.5197 39.1928, -96.6075 39.1928, -96.6075 39.0111, -96.5197 39.0111))"
granule,G1422715760-ORNL_DAAC,FIFE_OT_STAFF.92064439.ots,ORNL_DAAC,1,2017-09-28T15:55:21Z,1994-07-24T00:00:00.000Z,FIFE_OT_STAFF_66,FIFE_OT_STAFF.92064439.ots,0.009635,,Both,1989-07-25T00:00:00.000Z,1989-07-25T00:00:00.000Z,39.0111,39.1928,-96.6075,-96.5197,"POLYGON ((-96.5197 39.0111, -96.5197 39.1928, -96.6075 39.1928, -96.6075 39.0111, -96.5197 39.0111))"
granule,G1422715796-ORNL_DAAC,FIFE_OT_STAFF.92074439.ots,ORNL_DAAC,1,2017-09-28T15:55:38Z,1994-07-24T00:00:00.000Z,FIFE_OT_STAFF_66,FIFE_OT_STAFF.92074439.ots,0.012826,,Both,1989-07-26T00:00:00.000Z,1989-07-26T00:00:00.000Z,39.0111,39.1928,-96.6075,-96.5197,"POLYGON ((-96.5197 39.0111, -96.5197 39.1928, -96.6075 39.1928, -96.6075 39.0111, -96.5197 39.0111))"
granule,G1422714674-ORNL_DAAC,FIFE_OT_STAFF.92084439.ots,ORNL_DAAC,1,2017-09-28T15:54:53Z,1994-07-24T00:00:00.000Z,FIFE_OT_STAFF_66,FIFE_OT_STAFF.92084439.ots,0.006425,,Both,1989-07-27T00:00:00.000Z,1989-07-27T00:00:00.000Z,39.0111,39.1928,-96.6075,-96.5197,"POLYGON ((-96.5197 39.0111, -96.5197 39.1928, -96.6075 39.1928, -96.6075 39.0111, -96.5197 39.0111))"
granule,G1422715797-ORNL_DAAC,FIFE_OT_STAFF.92094439.ots,ORNL_DAAC,1,2017-09-28T15:55:38Z,1994-07-24T00:00:00.000Z,FIFE_OT_STAFF_66,FIFE_OT_STAFF.92094439.ots,0.03744,,Both,1989-07-28T00:00:00.000Z,1989-07-28T00:00:00.000Z,39.0111,39.1928,-96.6075,-96.5197,"POLYGON ((-96.5197 39.0111, -96.5197 39.1928, -96.6075 39.1928, -96.6075 39.0111, -96.5197 39.0111))"
granule,G1422715748-ORNL_DAAC,FIFE_OT_STAFF.92114439.ots,ORNL_DAAC,1,2017-09-28T15:55:17Z,1994-07-24T00:00:00.000Z,FIFE_OT_STAFF_66,FIFE_OT_STAFF.92114439.ots,0.019285,,Both,1989-07-30T00:00:00.000Z,1989-07-30T00:00:00.000Z,39.0111,39.1928,-96.6075,-96.5197,"POLYGON ((-96.5197 39.0111, -96.5197 39.1928, -96.6075 39.1928, -96.6075 39.0111, -96.5197 39.0111))"
granule,G1422715803-ORNL_DAAC,FIFE_OT_STAFF.92164439.ots,ORNL_DAAC,1,2017-09-28T15:55:42Z,1994-07-24T00:00:00.000Z,FIFE_OT_STAFF_66,FIFE_OT_STAFF.92164439.ots,0.052861,,Both,1989-08-04T00:00:00.000Z,1989-08-04T00:00:00.000Z,39.0111,39.1928,-96.6075,-96.5197,"POLYGON ((-96.5197 39.0111, -96.5197 39.1928, -96.6075 39.1928, -96.6075 39.0111, -96.5197 39.0111))"
granule,G1422714694-ORNL_DAAC,FIFE_OT_STAFF.92184439.ots,ORNL_DAAC,1,2017-09-28T15:54:56Z,1994-07-24T00:00:00.000Z,FIFE_OT_STAFF_66,FIFE_OT_STAFF.92184439.ots,0.03901,,Both,1989-08-06T00:00:00.000Z,1989-08-06T00:00:00.000Z,39.0111,39.1928,-96.6075,-96.5197,"POLYGON ((-96.5197 39.0111, -96.5197 39.1928, -96.6075 39.1928, -96.6075 39.0111, -96.5197 39.0111))"
granule,G1422715784-ORNL_DAAC,FIFE_OT_STAFF.92194439.ots,ORNL_DAAC,1,2017-09-28T15:55:32Z,1994-07-24T00:00:00.000Z,FIFE_OT_STAFF_66,FIFE_OT_STAFF.92194439.ots,0.037393,,Both,1989-08-07T00:00:00.000Z,1989-08-07T00:00:00.000Z,39.0111,39.1928,-96.6075,-96.5197,"POLYGON ((-96.5197 39.0111, -96.5197 39.1928, -96.6075 39.1928, -96.6075 39.0111, -96.5197 39.0111))"
granule,G1422715910-ORNL_DAAC,FIFE_OT_STAFF.92204439.ots,ORNL_DAAC,1,2017-09-28T15:56:21Z,1994-07-24T00:00:00.000Z,FIFE_OT_STAFF_66,FIFE_OT_STAFF.92204439.ots,0.061355,,Both,1989-08-08T00:00:00.000Z,1989-08-08T00:00:00.000Z,39.0111,39.1928,-96.6075,-96.5197,"POLYGON ((-96.5197 39.0111, -96.5197 39.1928, -96.6075 39.1928, -96.6075 39.0111, -96.5197 39.0111))"
granule,G1422715834-ORNL_DAAC,FIFE_OT_STAFF.9238xetl.ots,ORNL_DAAC,1,2017-09-28T15:55:55Z,1994-07-24T00:00:00.000Z,FIFE_OT_STAFF_66,FIFE_OT_STAFF.9238xetl.ots,0.002601,,Both,1989-08-26T00:00:00.000Z,1989-08-26T00:00:00.000Z,39.0111,39.1928,-96.6075,-96.5197,"POLYGON ((-96.5197 39.0111, -96.5197 39.1928, -96.6075 39.1928, -96.6075 39.0111, -96.5197 39.0111))"
granule,G1422715828-ORNL_DAAC,FIFE_OT_STAFF.9244xetl.ots,ORNL_DAAC,1,2017-09-28T15:55:52Z,1994-07-24T00:00:00.000Z,FIFE_OT_STAFF_66,FIFE_OT_STAFF.9244xetl.ots,0.002585,,Both,1989-09-01T00:00:00.000Z,1989-09-01T00:00:00.000Z,39.0111,39.1928,-96.6075,-96.5197,"POLYGON ((-96.5197 39.0111, -96.5197 39.1928, -96.6075 39.1928, -96.6075 39.0111, -96.5197 39.0111))"
granule,G1422714608-ORNL_DAAC,FIFE_OT_STAFF.9250xetl.ots,ORNL_DAAC,1,2017-09-28T15:54:52Z,1994-07-24T00:00:00.000Z,FIFE_OT_STAFF_66,FIFE_OT_STAFF.9250xetl.ots,0.002598,,Both,1989-09-07T00:00:00.000Z,1989-09-07T00:00:00.000Z,39.0111,39.1928,-96.6075,-96.5197,"POLYGON ((-96.5197 39.0111, -96.5197 39.1928, -96.6075 39.1928, -96.6075 39.0111, -96.5197 39.0111))"
granule,G1422715807-ORNL_DAAC,FIFE_OT_STAFF.92514439.ots,ORNL_DAAC,1,2017-09-28T15:55:45Z,1994-07-24T00:00:00.000Z,FIFE_OT_STAFF_66,FIFE_OT_STAFF.92514439.ots,0.038393,,Both,1989-09-08T00:00:00.000Z,1989-09-08T00:00:00.000Z,39.0111,39.1928,-96.6075,-96.5197,"POLYGON ((-96.5197 39.0111, -96.5197 39.1928, -96.6075 39.1928, -96.6075 39.0111, -96.5197 39.0111))"
granule,G1422715843-ORNL_DAAC,FIFE_OT_STAFF.9253xetl.ots,ORNL_DAAC,1,2017-09-28T15:55:59Z,1994-07-24T00:00:00.000Z,FIFE_OT_STAFF_66,FIFE_OT_STAFF.9253xetl.ots,0.003111,,Both,1989-09-10T00:00:00.000Z,1989-09-10T00:00:00.000Z,39.0111,39.1928,-96.6075,-96.5197,"POLYGON ((-96.5197 39.0111, -96.5197 39.1928, -96.6075 39.1928, -96.6075 39.0111, -96.5197 39.0111))"
granule,G1422715786-ORNL_DAAC,FIFE_OT_STAFF.9254xetl.ots,ORNL_DAAC,1,2017-09-28T15:55:33Z,1994-07-24T00:00:00.000Z,FIFE_OT_STAFF_66,FIFE_OT_STAFF.9254xetl.ots,0.002588,,Both,1989-09-11T00:00:00.000Z,1989-09-11T00:00:00.000Z,39.0111,39.1928,-96.6075,-96.5197,"POLYGON ((-96.5197 39.0111, -96.5197 39.1928, -96.6075 39.1928, -96.6075 39.0111, -96.5197 39.0111))"
granule,G1422715756-ORNL_DAAC,FIFE_OT_STAFF.9259xetl.ots,ORNL_DAAC,1,2017-09-28T15:55:19Z,1994-07-24T00:00:00.000Z,FIFE_OT_STAFF_66,FIFE_OT_STAFF.9259xetl.ots,0.002586,,Both,1989-09-16T00:00:00.000Z,1989-09-16T00:00:00.000Z,39.0111,39.1928,-96.6075,-96.5197,"POLYGON ((-96.5197 39.0111, -96.5197 39.1928, -96.6075 39.1928, -96.6075 39.0111, -96.5197 39.0111))"
granule,G1422714533-ORNL_DAAC,FIFE_OT_STAFF.9260xetl.ots,ORNL_DAAC,1,2017-09-28T15:54:45Z,1994-07-24T00:00:00.000Z,FIFE_OT_STAFF_66,FIFE_OT_STAFF.9260xetl.ots,0.004736,,Both,1989-09-17T00:00:00.000Z,1989-09-17T00:00:00.000Z,39.0111,39.1928,-96.6075,-96.5197,"POLYGON ((-96.5197 39.0111, -96.5197 39.1928, -96.6075 39.1928, -96.6075 39.0111, -96.5197 39.0111))"
granule,G1422715829-ORNL_DAAC,FIFE_OT_STAFF.9261xetl.ots,ORNL_DAAC,1,2017-09-28T15:55:53Z,1994-07-24T00:00:00.000Z,FIFE_OT_STAFF_66,FIFE_OT_STAFF.9261xetl.ots,0.004743,,Both,1989-09-18T00:00:00.000Z,1989-09-18T00:00:00.000Z,39.0111,39.1928,-96.6075,-96.5197,"POLYGON ((-96.5197 39.0111, -96.5197 39.1928, -96.6075 39.1928, -96.6075 39.0111, -96.5197 39.0111))"
granule,G1422715358-ORNL_DAAC,FIFE_OT_STAFF.9262xetl.ots,ORNL_DAAC,1,2017-09-28T15:55:11Z,1994-07-24T00:00:00.000Z,FIFE_OT_STAFF_66,FIFE_OT_STAFF.9262xetl.ots,0.004807,,Both,1989-09-19T00:00:00.000Z,1989-09-19T00:00:00.000Z,39.0111,39.1928,-96.6075,-96.5197,"POLYGON ((-96.5197 39.0111, -96.5197 39.1928, -96.6075 39.1928, -96.6075 39.0111, -96.5197 39.0111))"
granule,G1422714532-ORNL_DAAC,FIFE_OT_STAFF.9263xetl.ots,ORNL_DAAC,1,2017-09-28T15:54:44Z,1994-07-24T00:00:00.000Z,FIFE_OT_STAFF_66,FIFE_OT_STAFF.9263xetl.ots,0.002582,,Both,1989-09-20T00:00:00.000Z,1989-09-20T00:00:00.000Z,39.0111,39.1928,-96.6075,-96.5197,"POLYGON ((-96.5197 39.0111, -96.5197 39.1928, -96.6075 39.1928, -96.6075 39.0111, -96.5197 39.0111))"
granule,G1422715652-ORNL_DAAC,FIFE_OT_STAFF.9264xetl.ots,ORNL_DAAC,1,2017-09-28T15:55:14Z,1994-07-24T00:00:00.000Z,FIFE_OT_STAFF_66,FIFE_OT_STAFF.9264xetl.ots,0.002626,,Both,1989-09-21T00:00:00.000Z,1989-09-21T00:00:00.000Z,39.0111,39.1928,-96.6075,-96.5197,"POLYGON ((-96.5197 39.0111, -96.5197 39.1928, -96.6075 39.1928, -96.6075 39.0111, -96.5197 39.0111))"
granule,G1422715911-ORNL_DAAC,FIFE_OT_STAFF.9269xetl.ots,ORNL_DAAC,1,2017-09-28T15:56:22Z,1994-07-24T00:00:00.000Z,FIFE_OT_STAFF_66,FIFE_OT_STAFF.9269xetl.ots,0.002583,,Both,1989-09-26T00:00:00.000Z,1989-09-26T00:00:00.000Z,39.0111,39.1928,-96.6075,-96.5197,"POLYGON ((-96.5197 39.0111, -96.5197 39.1928, -96.6075 39.1928, -96.6075 39.0111, -96.5197 39.0111))"
granule,G1422715896-ORNL_DAAC,FIFE_OT_STAFF.9270xetl.ots,ORNL_DAAC,1,2017-09-28T15:56:15Z,1994-07-24T00:00:00.000Z,FIFE_OT_STAFF_66,FIFE_OT_STAFF.9270xetl.ots,0.004709,,Both,1989-09-27T00:00:00.000Z,1989-09-27T00:00:00.000Z,39.0111,39.1928,-96.6075,-96.5197,"POLYGON ((-96.5197 39.0111, -96.5197 39.1928, -96.6075 39.1928, -96.6075 39.0111, -96.5197 39.0111))"
granule,G1422715836-ORNL_DAAC,FIFE_OT_STAFF.9271xetl.ots,ORNL_DAAC,1,2017-09-28T15:55:56Z,1994-07-24T00:00:00.000Z,FIFE_OT_STAFF_66,FIFE_OT_STAFF.9271xetl.ots,0.002604,,Both,1989-09-28T00:00:00.000Z,1989-09-28T00:00:00.000Z,39.0111,39.1928,-96.6075,-96.5197,"POLYGON ((-96.5197 39.0111, -96.5197 39.1928, -96.6075 39.1928, -96.6075 39.0111, -96.5197 39.0111))"
granule,G1422714640-ORNL_DAAC,FIFE_OT_STAFF.9272xetl.ots,ORNL_DAAC,1,2017-09-28T15:54:53Z,1994-07-24T00:00:00.000Z,FIFE_OT_STAFF_66,FIFE_OT_STAFF.9272xetl.ots,0.002653,,Both,1989-09-29T00:00:00.000Z,1989-09-29T00:00:00.000Z,39.0111,39.1928,-96.6075,-96.5197,"POLYGON ((-96.5197 39.0111, -96.5197 39.1928, -96.6075 39.1928, -96.6075 39.0111, -96.5197 39.0111))"
granule,G1422715885-ORNL_DAAC,FIFE_OT_STAFF.92721609.ots,ORNL_DAAC,1,2017-09-28T15:56:14Z,1994-07-24T00:00:00.000Z,FIFE_OT_STAFF_66,FIFE_OT_STAFF.92721609.ots,0.002578,,Both,1989-09-29T00:00:00.000Z,1989-09-29T00:00:00.000Z,39.0111,39.1928,-96.6075,-96.5197,"POLYGON ((-96.5197 39.0111, -96.5197 39.1928, -96.6075 39.1928, -96.6075 39.0111, -96.5197 39.0111))"
granule,G1422714534-ORNL_DAAC,FIFE_OT_STAFF.9273xetl.ots,ORNL_DAAC,1,2017-09-28T15:54:45Z,1994-07-24T00:00:00.000Z,FIFE_OT_STAFF_66,FIFE_OT_STAFF.9273xetl.ots,0.00473,,Both,1989-09-30T00:00:00.000Z,1989-09-30T00:00:00.000Z,39.0111,39.1928,-96.6075,-96.5197,"POLYGON ((-96.5197 39.0111, -96.5197 39.1928, -96.6075 39.1928, -96.6075 39.0111, -96.5197 39.0111))"
granule,G1422715815-ORNL_DAAC,FIFE_OT_STAFF.9274xetl.ots,ORNL_DAAC,1,2017-09-28T15:55:47Z,1994-07-24T00:00:00.000Z,FIFE_OT_STAFF_66,FIFE_OT_STAFF.9274xetl.ots,0.005274,,Both,1989-10-01T00:00:00.000Z,1989-10-01T00:00:00.000Z,39.0111,39.1928,-96.6075,-96.5197,"POLYGON ((-96.5197 39.0111, -96.5197 39.1928, -96.6075 39.1928, -96.6075 39.0111, -96.5197 39.0111))"
granule,G1422715820-ORNL_DAAC,FIFE_OT_STAFF.9275xetl.ots,ORNL_DAAC,1,2017-09-28T15:55:50Z,1994-07-24T00:00:00.000Z,FIFE_OT_STAFF_66,FIFE_OT_STAFF.9275xetl.ots,0.00257,,Both,1989-10-02T00:00:00.000Z,1989-10-02T00:00:00.000Z,39.0111,39.1928,-96.6075,-96.5197,"POLYGON ((-96.5197 39.0111, -96.5197 39.1928, -96.6075 39.1928, -96.6075 39.0111, -96.5197 39.0111))"
granule,G1422715837-ORNL_DAAC,FIFE_OT_STAFF.9279xetl.ots,ORNL_DAAC,1,2017-09-28T15:55:56Z,1994-07-24T00:00:00.000Z,FIFE_OT_STAFF_66,FIFE_OT_STAFF.9279xetl.ots,0.002589,,Both,1989-10-06T00:00:00.000Z,1989-10-06T00:00:00.000Z,39.0111,39.1928,-96.6075,-96.5197,"POLYGON ((-96.5197 39.0111, -96.5197 39.1928, -96.6075 39.1928, -96.6075 39.0111, -96.5197 39.0111))"
granule,G1422715795-ORNL_DAAC,FIFE_OT_STAFF.9281xetl.ots,ORNL_DAAC,1,2017-09-28T15:55:37Z,1994-07-24T00:00:00.000Z,FIFE_OT_STAFF_66,FIFE_OT_STAFF.9281xetl.ots,0.002575,,Both,1989-10-08T00:00:00.000Z,1989-10-08T00:00:00.000Z,39.0111,39.1928,-96.6075,-96.5197,"POLYGON ((-96.5197 39.0111, -96.5197 39.1928, -96.6075 39.1928, -96.6075 39.0111, -96.5197 39.0111))"
granule,G1422715825-ORNL_DAAC,FIFE_OT_STAFF.92832133.ots,ORNL_DAAC,1,2017-09-28T15:55:51Z,1994-07-24T00:00:00.000Z,FIFE_OT_STAFF_66,FIFE_OT_STAFF.92832133.ots,0.004661,,Both,1989-10-10T00:00:00.000Z,1989-10-10T00:00:00.000Z,39.0111,39.1928,-96.6075,-96.5197,"POLYGON ((-96.5197 39.0111, -96.5197 39.1928, -96.6075 39.1928, -96.6075 39.0111, -96.5197 39.0111))"
granule,G1422714937-ORNL_DAAC,FIFE_OT_STAFF.92842915.ots,ORNL_DAAC,1,2017-09-28T15:55:03Z,1994-07-24T00:00:00.000Z,FIFE_OT_STAFF_66,FIFE_OT_STAFF.92842915.ots,0.002464,,Both,1989-10-11T00:00:00.000Z,1989-10-11T00:00:00.000Z,39.0111,39.1928,-96.6075,-96.5197,"POLYGON ((-96.5197 39.0111, -96.5197 39.1928, -96.6075 39.1928, -96.6075 39.0111, -96.5197 39.0111))"
granule,G1422715757-ORNL_DAAC,FIFE_OT_STAFF.9285xetl.ots,ORNL_DAAC,1,2017-09-28T15:55:20Z,1994-07-24T00:00:00.000Z,FIFE_OT_STAFF_66,FIFE_OT_STAFF.9285xetl.ots,0.002573,,Both,1989-10-12T00:00:00.000Z,1989-10-12T00:00:00.000Z,39.0111,39.1928,-96.6075,-96.5197,"POLYGON ((-96.5197 39.0111, -96.5197 39.1928, -96.6075 39.1928, -96.6075 39.0111, -96.5197 39.0111))"
granule,G1422715794-ORNL_DAAC,FIFE_OT_STAFF.9286xetl.ots,ORNL_DAAC,1,2017-09-28T15:55:37Z,1994-07-24T00:00:00.000Z,FIFE_OT_STAFF_66,FIFE_OT_STAFF.9286xetl.ots,0.004727,,Both,1989-10-13T00:00:00.000Z,1989-10-13T00:00:00.000Z,39.0111,39.1928,-96.6075,-96.5197,"POLYGON ((-96.5197 39.0111, -96.5197 39.1928, -96.6075 39.1928, -96.6075 39.0111, -96.5197 39.0111))"
granule,G1422714526-ORNL_DAAC,FIFE_OT_STAFF.92934439.ots,ORNL_DAAC,1,2017-09-28T15:54:42Z,1994-07-24T00:00:00.000Z,FIFE_OT_STAFF_66,FIFE_OT_STAFF.92934439.ots,0.002067,,Both,1989-10-20T00:00:00.000Z,1989-10-20T00:00:00.000Z,39.0111,39.1928,-96.6075,-96.5197,"POLYGON ((-96.5197 39.0111, -96.5197 39.1928, -96.6075 39.1928, -96.6075 39.0111, -96.5197 39.0111))"
granule,G1422715793-ORNL_DAAC,FIFE_OT_STAFF.9293xetl.ots,ORNL_DAAC,1,2017-09-28T15:55:36Z,1994-07-24T00:00:00.000Z,FIFE_OT_STAFF_66,FIFE_OT_STAFF.9293xetl.ots,0.00263,,Both,1989-10-20T00:00:00.000Z,1989-10-20T00:00:00.000Z,39.0111,39.1928,-96.6075,-96.5197,"POLYGON ((-96.5197 39.0111, -96.5197 39.1928, -96.6075 39.1928, -96.6075 39.0111, -96.5197 39.0111))"
granule,G1422715691-ORNL_DAAC,FIFE_OT_STAFF.92964439.ots,ORNL_DAAC,1,2017-09-28T15:55:15Z,1994-07-24T00:00:00.000Z,FIFE_OT_STAFF_66,FIFE_OT_STAFF.92964439.ots,0.002082,,Both,1989-10-23T00:00:00.000Z,1989-10-23T00:00:00.000Z,39.0111,39.1928,-96.6075,-96.5197,"POLYGON ((-96.5197 39.0111, -96.5197 39.1928, -96.6075 39.1928, -96.6075 39.0111, -96.5197 39.0111))"
granule,G1422715790-ORNL_DAAC,FIFE_OT_STAFF.9296xetl.ots,ORNL_DAAC,1,2017-09-28T15:55:35Z,1994-07-24T00:00:00.000Z,FIFE_OT_STAFF_66,FIFE_OT_STAFF.9296xetl.ots,0.002625,,Both,1989-10-23T00:00:00.000Z,1989-10-23T00:00:00.000Z,39.0111,39.1928,-96.6075,-96.5197,"POLYGON ((-96.5197 39.0111, -96.5197 39.1928, -96.6075 39.1928, -96.6075 39.0111, -96.5197 39.0111))"
granule,G1422715813-ORNL_DAAC,FIFE_OT_STAFF.92963317.ots,ORNL_DAAC,1,2017-09-28T15:55:47Z,1994-07-24T00:00:00.000Z,FIFE_OT_STAFF_66,FIFE_OT_STAFF.92963317.ots,0.00252,,Both,1989-10-23T00:00:00.000Z,1989-10-23T00:00:00.000Z,39.0111,39.1928,-96.6075,-96.5197,"POLYGON ((-96.5197 39.0111, -96.5197 39.1928, -96.6075 39.1928, -96.6075 39.0111, -96.5197 39.0111))"
granule,G1422715801-ORNL_DAAC,FIFE_OT_STAFF.9304xetl.ots,ORNL_DAAC,1,2017-09-28T15:55:41Z,1994-07-24T00:00:00.000Z,FIFE_OT_STAFF_66,FIFE_OT_STAFF.9304xetl.ots,0.008054,,Both,1989-10-31T00:00:00.000Z,1989-10-31T00:00:00.000Z,39.0111,39.1928,-96.6075,-96.5197,"POLYGON ((-96.5197 39.0111, -96.5197 39.1928, -96.6075 39.1928, -96.6075 39.0111, -96.5197 39.0111))"
